id,dialogue,summary,topic,qwen_zero_shot_summary,first_last_baseline_summary
test_0_1,"#Person1#: Ms. Dawson, I need you to take a dictation for me.
#Person2#: Yes, sir...
#Person1#: This should go out as an intra-office memorandum to all employees by this afternoon. Are you ready?
#Person2#: Yes, sir. Go ahead.
#Person1#: Attention all staff... Effective immediately, all office communications are restricted to email correspondence and official memos. The use of Instant Message programs by employees during working hours is strictly prohibited.
#Person2#: Sir, does this apply to intra-office communications only? Or will it also restrict external communications?
#Person1#: It should apply to all communications, not only in this office between employees, but also any outside communications.
#Person2#: But sir, many employees use Instant Messaging to communicate with their clients.
#Person1#: They will just have to change their communication methods. I don't want any - one using Instant Messaging in this office. It wastes too much time! Now, please continue with the memo. Where were we?
#Person2#: This applies to internal and external communications.
#Person1#: Yes. Any employee who persists in using Instant Messaging will first receive a warning and be placed on probation. At second offense, the employee will face termination. Any questions regarding this new policy may be directed to department heads.
#Person2#: Is that all?
#Person1#: Yes. Please get this memo typed up and distributed to all employees before 4 pm.",Ms. Dawson helps #Person1# to write a memo to inform every employee that they have to change the communication method and should not use Instant Messaging anymore.,communication method,"Ms. Dawson is giving instructions to all employees on how to communicate with each other. She is telling them to use email and official memos, and to not use Instant Messaging programs during working hours. She is also warning employees who use Instant Messaging to first receive a warning and be placed on probation, and to face termination if they persist in using it. She is also directing employees to department heads for",#Person1#: Ms. Please get this memo typed up and distributed to all employees before 4 pm.
test_0_2,"#Person1#: Ms. Dawson, I need you to take a dictation for me.
#Person2#: Yes, sir...
#Person1#: This should go out as an intra-office memorandum to all employees by this afternoon. Are you ready?
#Person2#: Yes, sir. Go ahead.
#Person1#: Attention all staff... Effective immediately, all office communications are restricted to email correspondence and official memos. The use of Instant Message programs by employees during working hours is strictly prohibited.
#Person2#: Sir, does this apply to intra-office communications only? Or will it also restrict external communications?
#Person1#: It should apply to all communications, not only in this office between employees, but also any outside communications.
#Person2#: But sir, many employees use Instant Messaging to communicate with their clients.
#Person1#: They will just have to change their communication methods. I don't want any - one using Instant Messaging in this office. It wastes too much time! Now, please continue with the memo. Where were we?
#Person2#: This applies to internal and external communications.
#Person1#: Yes. Any employee who persists in using Instant Messaging will first receive a warning and be placed on probation. At second offense, the employee will face termination. Any questions regarding this new policy may be directed to department heads.
#Person2#: Is that all?
#Person1#: Yes. Please get this memo typed up and distributed to all employees before 4 pm.","In order to prevent employees from wasting time on Instant Message programs, #Person1# decides to terminate the use of those programs and asks Ms. Dawson to send out a memo to all employees by the afternoon.",company policy,Ms. Dawson is giving a dictation to all employees. The memo will be sent out by this afternoon. The memo will restrict all office communications to email and official memos. Employees who use Instant Messaging will be warned and placed on probation. The memo will be distributed before 4 pm. The policy will be reviewed by department heads. The memo will be typed up and distributed before 4 pm,#Person1#: Ms. Please get this memo typed up and distributed to all employees before 4 pm.
test_0_3,"#Person1#: Ms. Dawson, I need you to take a dictation for me.
#Person2#: Yes, sir...
#Person1#: This should go out as an intra-office memorandum to all employees by this afternoon. Are you ready?
#Person2#: Yes, sir. Go ahead.
#Person1#: Attention all staff... Effective immediately, all office communications are restricted to email correspondence and official memos. The use of Instant Message programs by employees during working hours is strictly prohibited.
#Person2#: Sir, does this apply to intra-office communications only? Or will it also restrict external communications?
#Person1#: It should apply to all communications, not only in this office between employees, but also any outside communications.
#Person2#: But sir, many employees use Instant Messaging to communicate with their clients.
#Person1#: They will just have to change their communication methods. I don't want any - one using Instant Messaging in this office. It wastes too much time! Now, please continue with the memo. Where were we?
#Person2#: This applies to internal and external communications.
#Person1#: Yes. Any employee who persists in using Instant Messaging will first receive a warning and be placed on probation. At second offense, the employee will face termination. Any questions regarding this new policy may be directed to department heads.
#Person2#: Is that all?
#Person1#: Yes. Please get this memo typed up and distributed to all employees before 4 pm.",Ms. Dawson takes a dictation for #Person1# about prohibiting the use of Instant Message programs in the office. They argue about its reasonability but #Person1# still insists.,dictation,Ms. Dawson is giving a dictation to all employees. The memo will be sent out by this afternoon. The memo will restrict all office communications to email and official memos. Employees who use Instant Messaging will be warned and placed on probation. The memo will be distributed before 4 pm. The policy will be reviewed by department heads. The memo will be typed up and distributed before 4 pm,#Person1#: Ms. Please get this memo typed up and distributed to all employees before 4 pm.
test_1_1,"#Person1#: You're finally here! What took so long?
#Person2#: I got stuck in traffic again. There was a terrible traffic jam near the Carrefour intersection.
#Person1#: It's always rather congested down there during rush hour. Maybe you should try to find a different route to get home.
#Person2#: I don't think it can be avoided, to be honest.
#Person1#: perhaps it would be better if you started taking public transport system to work.
#Person2#: I think it's something that I'll have to consider. The public transport system is pretty good.
#Person1#: It would be better for the environment, too.
#Person2#: I know. I feel bad about how much my car is adding to the pollution problem in this city.
#Person1#: Taking the subway would be a lot less stressful than driving as well.
#Person2#: The only problem is that I'm going to really miss having the freedom that you have with a car.
#Person1#: Well, when it's nicer outside, you can start biking to work. That will give you just as much freedom as your car usually provides.
#Person2#: That's true. I could certainly use the exercise!
#Person1#: So, are you going to quit driving to work then?
#Person2#: Yes, it's not good for me or for the environment.",#Person2# arrives late because of traffic jam. #Person1# persuades #Person2# to use public transportations to keep healthy and to protect the environment.,public transportation,#Person1# and #Person2# are discussing the issue of traffic congestion in the city. #Person2# is concerned about the traffic jam near the Carrefour intersection and suggests trying to find a different route to home. #Person1# agrees and suggests starting public transport to work. #Person2# is concerned about the pollution caused by the car and feels bad about having to miss,"#Person1#: You're finally here! #Person2#: Yes, it's not good for me or for the environment."
test_1_2,"#Person1#: You're finally here! What took so long?
#Person2#: I got stuck in traffic again. There was a terrible traffic jam near the Carrefour intersection.
#Person1#: It's always rather congested down there during rush hour. Maybe you should try to find a different route to get home.
#Person2#: I don't think it can be avoided, to be honest.
#Person1#: perhaps it would be better if you started taking public transport system to work.
#Person2#: I think it's something that I'll have to consider. The public transport system is pretty good.
#Person1#: It would be better for the environment, too.
#Person2#: I know. I feel bad about how much my car is adding to the pollution problem in this city.
#Person1#: Taking the subway would be a lot less stressful than driving as well.
#Person2#: The only problem is that I'm going to really miss having the freedom that you have with a car.
#Person1#: Well, when it's nicer outside, you can start biking to work. That will give you just as much freedom as your car usually provides.
#Person2#: That's true. I could certainly use the exercise!
#Person1#: So, are you going to quit driving to work then?
#Person2#: Yes, it's not good for me or for the environment.",#Person2# decides to follow #Person1#'s suggestions on quitting driving to work and will try to use public transportations.,transportation,#Person1# and #Person2# are discussing the issue of traffic congestion in the city. #Person2# is concerned about the traffic jam near the Carrefour intersection and suggests trying to find a different route to home. #Person1# agrees and suggests starting public transport to work. #Person2# is concerned about the pollution caused by the car and feels bad about having to miss,"#Person1#: You're finally here! #Person2#: Yes, it's not good for me or for the environment."
test_1_3,"#Person1#: You're finally here! What took so long?
#Person2#: I got stuck in traffic again. There was a terrible traffic jam near the Carrefour intersection.
#Person1#: It's always rather congested down there during rush hour. Maybe you should try to find a different route to get home.
#Person2#: I don't think it can be avoided, to be honest.
#Person1#: perhaps it would be better if you started taking public transport system to work.
#Person2#: I think it's something that I'll have to consider. The public transport system is pretty good.
#Person1#: It would be better for the environment, too.
#Person2#: I know. I feel bad about how much my car is adding to the pollution problem in this city.
#Person1#: Taking the subway would be a lot less stressful than driving as well.
#Person2#: The only problem is that I'm going to really miss having the freedom that you have with a car.
#Person1#: Well, when it's nicer outside, you can start biking to work. That will give you just as much freedom as your car usually provides.
#Person2#: That's true. I could certainly use the exercise!
#Person1#: So, are you going to quit driving to work then?
#Person2#: Yes, it's not good for me or for the environment.","#Person2# complains to #Person1# about the traffic jam, #Person1# suggests quitting driving and taking public transportation instead.",discuss transportation,#Person1# and #Person2# are discussing the issue of traffic congestion in the city. #Person2# is concerned about the traffic jam near the Carrefour intersection and suggests trying to find a different route to home. #Person1# agrees and suggests starting public transport to work. #Person2# is concerned about the pollution caused by the car and feels bad about having to miss,"#Person1#: You're finally here! #Person2#: Yes, it's not good for me or for the environment."
test_2_1,"#Person1#: Kate, you never believe what's happened.
#Person2#: What do you mean?
#Person1#: Masha and Hero are getting divorced.
#Person2#: You are kidding. What happened?
#Person1#: Well, I don't really know, but I heard that they are having a separation for 2 months, and filed for divorce.
#Person2#: That's really surprising. I always thought they are well matched. What about the kids? Who get custody?
#Person1#: Masha, it seems quiet and makable, no quarrelling about who get the house and stock and then contesting the divorce with other details worked out.
#Person2#: That's the change from all the back stepping we usually hear about. Well, I still can't believe it, Masha and Hero, the perfect couple. When would they divorce be final?
#Person1#: Early in the New Year I guess.",#Person1# tells Kate that Masha and Hero get divorced. Kate is surprised because she thought they are perfect couple.,divorce,Kate is surprised to hear that Masha and Hero are getting divorced and that they are having a separation for 2 months. She is also surprised that the kids are getting custody. Kate is unsure if she believes the divorce will be final. She is hoping that Masha and Hero will divorce in the New Year.,"#Person1#: Kate, you never believe what's happened. #Person1#: Early in the New Year I guess."
test_2_2,"#Person1#: Kate, you never believe what's happened.
#Person2#: What do you mean?
#Person1#: Masha and Hero are getting divorced.
#Person2#: You are kidding. What happened?
#Person1#: Well, I don't really know, but I heard that they are having a separation for 2 months, and filed for divorce.
#Person2#: That's really surprising. I always thought they are well matched. What about the kids? Who get custody?
#Person1#: Masha, it seems quiet and makable, no quarrelling about who get the house and stock and then contesting the divorce with other details worked out.
#Person2#: That's the change from all the back stepping we usually hear about. Well, I still can't believe it, Masha and Hero, the perfect couple. When would they divorce be final?
#Person1#: Early in the New Year I guess.",#Person1# tells Kate that Masha and Hero are getting a peaceful divorce. Kate feels surprised and asks about their kids.,divorce,Kate is surprised to hear that Masha and Hero are getting divorced and that they are having a separation for 2 months. She is also surprised that the kids are getting custody. Kate is unsure if she believes the divorce will be final. She is hoping that Masha and Hero will divorce in the New Year.,"#Person1#: Kate, you never believe what's happened. #Person1#: Early in the New Year I guess."
test_2_3,"#Person1#: Kate, you never believe what's happened.
#Person2#: What do you mean?
#Person1#: Masha and Hero are getting divorced.
#Person2#: You are kidding. What happened?
#Person1#: Well, I don't really know, but I heard that they are having a separation for 2 months, and filed for divorce.
#Person2#: That's really surprising. I always thought they are well matched. What about the kids? Who get custody?
#Person1#: Masha, it seems quiet and makable, no quarrelling about who get the house and stock and then contesting the divorce with other details worked out.
#Person2#: That's the change from all the back stepping we usually hear about. Well, I still can't believe it, Masha and Hero, the perfect couple. When would they divorce be final?
#Person1#: Early in the New Year I guess.",#Person1# and Kate talk about the divorce between Masha and Hero. Kate feels surprised because she thought they are well matched,discuss divorce,Kate is surprised to hear that Masha and Hero are getting divorced and that they are having a separation for 2 months. She is also surprised that the kids are getting custody. Kate is unsure if she believes the divorce will be final. She is hoping that Masha and Hero will divorce in the New Year.,"#Person1#: Kate, you never believe what's happened. #Person1#: Early in the New Year I guess."
test_3_1,"#Person1#: Happy Birthday, this is for you, Brian.
#Person2#: I'm so happy you remember, please come in and enjoy the party. Everyone's here, I'm sure you have a good time.
#Person1#: Brian, may I have a pleasure to have a dance with you?
#Person2#: Ok.
#Person1#: This is really wonderful party.
#Person2#: Yes, you are always popular with everyone. and you look very pretty today.
#Person1#: Thanks, that's very kind of you to say. I hope my necklace goes with my dress, and they both make me look good I feel.
#Person2#: You look great, you are absolutely glowing.
#Person1#: Thanks, this is a fine party. We should have a drink together to celebrate your birthday",#Person1# and Brian are at the birthday party of Brian. Brian thinks #Person1# looks great and is popular.,birthday party,"The two friends, #Person1# and #Person2#, are celebrating their birthday together. #Person1# is happy to have a dance with #Person2#, and #Person2# is happy to have a party with #Person1#. They both look beautiful and are looking forward to celebrating #Person1#'s birthday. They decide to have a drink together to celebrate. The conversation","#Person1#: Happy Birthday, this is for you, Brian. We should have a drink together to celebrate your birthday"
test_3_2,"#Person1#: Happy Birthday, this is for you, Brian.
#Person2#: I'm so happy you remember, please come in and enjoy the party. Everyone's here, I'm sure you have a good time.
#Person1#: Brian, may I have a pleasure to have a dance with you?
#Person2#: Ok.
#Person1#: This is really wonderful party.
#Person2#: Yes, you are always popular with everyone. and you look very pretty today.
#Person1#: Thanks, that's very kind of you to say. I hope my necklace goes with my dress, and they both make me look good I feel.
#Person2#: You look great, you are absolutely glowing.
#Person1#: Thanks, this is a fine party. We should have a drink together to celebrate your birthday",#Person1# attends Brian's birthday party. Brian thinks #Person1# looks great and charming.,birthday party,"The two friends, #Person1# and #Person2#, are celebrating their birthday together. #Person1# is happy to have a dance with #Person2#, and #Person2# is happy to have a party with #Person1#. They both look beautiful and are looking forward to celebrating #Person1#'s birthday. They decide to have a drink together to celebrate. The conversation","#Person1#: Happy Birthday, this is for you, Brian. We should have a drink together to celebrate your birthday"
test_3_3,"#Person1#: Happy Birthday, this is for you, Brian.
#Person2#: I'm so happy you remember, please come in and enjoy the party. Everyone's here, I'm sure you have a good time.
#Person1#: Brian, may I have a pleasure to have a dance with you?
#Person2#: Ok.
#Person1#: This is really wonderful party.
#Person2#: Yes, you are always popular with everyone. and you look very pretty today.
#Person1#: Thanks, that's very kind of you to say. I hope my necklace goes with my dress, and they both make me look good I feel.
#Person2#: You look great, you are absolutely glowing.
#Person1#: Thanks, this is a fine party. We should have a drink together to celebrate your birthday",#Person1# has a dance with Brian at Brian's birthday party. Brian thinks #Person1# looks great and is popular.,birthday party,"The two friends, #Person1# and #Person2#, are celebrating their birthday together. #Person1# is happy to have a dance with #Person2#, and #Person2# is happy to have a party with #Person1#. They both look beautiful and are looking forward to celebrating #Person1#'s birthday. They decide to have a drink together to celebrate. The conversation","#Person1#: Happy Birthday, this is for you, Brian. We should have a drink together to celebrate your birthday"
test_4_1,"#Person1#: This Olympic park is so big!
#Person2#: Yes. Now we are in the Olympic stadium, the center of this park.
#Person1#: Splendid! When is it gonna be finished?
#Person2#: The whole stadium is to be finished this June.
#Person1#: How many seats are there in the stand?
#Person2#: Oh, there are 5000 seats in total.
#Person1#: I didn ' t know it would be so big!
#Person2#: It is! Look there, those are the tracks. And the jumping pit is over there.
#Person1#: Ah... I see. Hey, look the sign here, No climbing.
#Person2#: We put many signs with English translations for foreign visitors.","#Person1# is surprised at the Olympic Stadium'volume, capacity and interior setting to #Person1#.",Olympic Stadium,"#Person1# and #Person2# are discussing the Olympic stadium, which is described as being so large and impressive. #Person1# is impressed by the size of the stadium and asks how many seats there are. #Person2# confirms that there are 5000 seats in total and mentions that there are tracks and a jumping pit. #Person1# is surprised by the",#Person1#: This Olympic park is so big! #Person2#: We put many signs with English translations for foreign visitors.
test_4_2,"#Person1#: This Olympic park is so big!
#Person2#: Yes. Now we are in the Olympic stadium, the center of this park.
#Person1#: Splendid! When is it gonna be finished?
#Person2#: The whole stadium is to be finished this June.
#Person1#: How many seats are there in the stand?
#Person2#: Oh, there are 5000 seats in total.
#Person1#: I didn ' t know it would be so big!
#Person2#: It is! Look there, those are the tracks. And the jumping pit is over there.
#Person1#: Ah... I see. Hey, look the sign here, No climbing.
#Person2#: We put many signs with English translations for foreign visitors.",#Person2# shows #Person1# around the constructing Olympic stadium and introduces the stadium.,sports stadium,"#Person1# and #Person2# are discussing the Olympic stadium, which is described as being so large and impressive. #Person1# is impressed by the size of the stadium and asks how many seats there are. #Person2# confirms that there are 5000 seats in total and mentions that there are tracks and a jumping pit. #Person1# is surprised by the",#Person1#: This Olympic park is so big! #Person2#: We put many signs with English translations for foreign visitors.
test_4_3,"#Person1#: This Olympic park is so big!
#Person2#: Yes. Now we are in the Olympic stadium, the center of this park.
#Person1#: Splendid! When is it gonna be finished?
#Person2#: The whole stadium is to be finished this June.
#Person1#: How many seats are there in the stand?
#Person2#: Oh, there are 5000 seats in total.
#Person1#: I didn ' t know it would be so big!
#Person2#: It is! Look there, those are the tracks. And the jumping pit is over there.
#Person1#: Ah... I see. Hey, look the sign here, No climbing.
#Person2#: We put many signs with English translations for foreign visitors.","#Person2# introduces the Olympic Stadium's finishing time, capacity and interior setting to #Person1#.",Olympic Stadium,"#Person1# and #Person2# are discussing the Olympic stadium, which is described as being so large and impressive. #Person1# is impressed by the size of the stadium and asks how many seats there are. #Person2# confirms that there are 5000 seats in total and mentions that there are tracks and a jumping pit. #Person1# is surprised by the",#Person1#: This Olympic park is so big! #Person2#: We put many signs with English translations for foreign visitors.
test_5_1,"#Person1#: I've had it! I am done working for a company that is taking me nowhere!
#Person2#: So what are you gonna do? Just quit?
#Person1#: That's exactly what I am going to do! I have decided to create my own company! I am going to write up a business plan, get some investors and start working for myself!
#Person2#: Have you ever written up a business plan before?
#Person1#: Well, no, it can't be that hard! I mean, all you have to do is explain your business, how you are going to do things and that's it, right?
#Person2#: You couldn't be more wrong! A well written business plan will include an executive summary which highlights the idea of the business in two pages or less. Then you need to describe your company with information such as what type of legal structure it has, history, etc.
#Person1#: Well, that seems easy enough.
#Person2#: Wait, there is more! Then you need to introduce and describe your goods or services. What they are and how they are different from competitors? Then comes the hard part, a market analysis. You need to investigate and analyze hundreds of variables! You need to take into consideration socioeconomic factors from GDP per capita to how many children on average the population has! All this information is useful so that you can move on to your strategy and implementation stage, where you will describe in detail how you will actually execute your idea.
#Person1#: Geez. Is that all?
#Person2#: Almost, the most important piece of information for your investors will be the financial analysis. Here you will calculate and estimate sales, cash flow and profits. After all, people will want to know when they will begin to see a return on their investment!
#Person1#: Umm. I think I ' ll just stick to my old job and save myself all the hassle of trying to start up a business!","#Person1# wants to create a company and is going to write a business plan. #Person2# gives #Person1# suggestions on how to summarise business ideas, describe the service, differ from competitors and attract investment in a good business plan. #Person1# decides to stick to the old job.",business plan,"#Person1# is deciding to start his own business and is planning to write a business plan, get investors, and start working for himself. #Person2# is skeptical of #Person1# and is concerned about the complexity of the business plan. #Person1# is confident that he can write a business plan and that he will be successful in starting his own business. #Person2#",#Person1#: I've had it! I think I ' ll just stick to my old job and save myself all the hassle of trying to start up a business!
test_5_2,"#Person1#: I've had it! I am done working for a company that is taking me nowhere!
#Person2#: So what are you gonna do? Just quit?
#Person1#: That's exactly what I am going to do! I have decided to create my own company! I am going to write up a business plan, get some investors and start working for myself!
#Person2#: Have you ever written up a business plan before?
#Person1#: Well, no, it can't be that hard! I mean, all you have to do is explain your business, how you are going to do things and that's it, right?
#Person2#: You couldn't be more wrong! A well written business plan will include an executive summary which highlights the idea of the business in two pages or less. Then you need to describe your company with information such as what type of legal structure it has, history, etc.
#Person1#: Well, that seems easy enough.
#Person2#: Wait, there is more! Then you need to introduce and describe your goods or services. What they are and how they are different from competitors? Then comes the hard part, a market analysis. You need to investigate and analyze hundreds of variables! You need to take into consideration socioeconomic factors from GDP per capita to how many children on average the population has! All this information is useful so that you can move on to your strategy and implementation stage, where you will describe in detail how you will actually execute your idea.
#Person1#: Geez. Is that all?
#Person2#: Almost, the most important piece of information for your investors will be the financial analysis. Here you will calculate and estimate sales, cash flow and profits. After all, people will want to know when they will begin to see a return on their investment!
#Person1#: Umm. I think I ' ll just stick to my old job and save myself all the hassle of trying to start up a business!","#Person1# abandons the idea of creating a company after #Person2# explains what a business plan includes. #Person2# specifies that a well-written business plan includes an executive summary, goods and service description, strategy and implementation, and financial analysis.",business plan,"#Person1# is deciding to start his own business and is planning to write a business plan, get investors, and start working for himself. #Person2# is skeptical of #Person1# and is concerned about the complexity of the business plan. #Person1# is confident that he can write a business plan and that he will be successful in starting his own business. #Person2#",#Person1#: I've had it! I think I ' ll just stick to my old job and save myself all the hassle of trying to start up a business!
test_5_3,"#Person1#: I've had it! I am done working for a company that is taking me nowhere!
#Person2#: So what are you gonna do? Just quit?
#Person1#: That's exactly what I am going to do! I have decided to create my own company! I am going to write up a business plan, get some investors and start working for myself!
#Person2#: Have you ever written up a business plan before?
#Person1#: Well, no, it can't be that hard! I mean, all you have to do is explain your business, how you are going to do things and that's it, right?
#Person2#: You couldn't be more wrong! A well written business plan will include an executive summary which highlights the idea of the business in two pages or less. Then you need to describe your company with information such as what type of legal structure it has, history, etc.
#Person1#: Well, that seems easy enough.
#Person2#: Wait, there is more! Then you need to introduce and describe your goods or services. What they are and how they are different from competitors? Then comes the hard part, a market analysis. You need to investigate and analyze hundreds of variables! You need to take into consideration socioeconomic factors from GDP per capita to how many children on average the population has! All this information is useful so that you can move on to your strategy and implementation stage, where you will describe in detail how you will actually execute your idea.
#Person1#: Geez. Is that all?
#Person2#: Almost, the most important piece of information for your investors will be the financial analysis. Here you will calculate and estimate sales, cash flow and profits. After all, people will want to know when they will begin to see a return on their investment!
#Person1#: Umm. I think I ' ll just stick to my old job and save myself all the hassle of trying to start up a business!","#Person1# wants to start #Person1#'s own business, but #Person2# warns #Person1# of the hassle. #Person2# tells #Person1# what is needed in a business plan and #Person1# decides to stick to the old job for now.",business plan,"#Person1# is deciding to start his own business and is planning to write a business plan, get investors, and start working for himself. #Person2# is skeptical of #Person1# and is concerned about the complexity of the business plan. #Person1# is confident that he can write a business plan and that he will be successful in starting his own business. #Person2#",#Person1#: I've had it! I think I ' ll just stick to my old job and save myself all the hassle of trying to start up a business!
test_6_1,"#Person1#: What's wrong with you? Why are you scratching so much?
#Person2#: I feel itchy! I can't stand it anymore! I think I may be coming down with something. I feel lightheaded and weak.
#Person1#: Let me have a look. Whoa! Get away from me!
#Person2#: What's wrong?
#Person1#: I think you have chicken pox! You are contagious! Get away! Don't breathe on me!
#Person2#: Maybe it's just a rash or an allergy! We can't be sure until I see a doctor.
#Person1#: Well in the meantime you are a biohazard! I didn't get it when I was a kid and I've heard that you can even die if you get it as an adult!
#Person2#: Are you serious? You always blow things out of proportion. In any case, I think I'll go take an oatmeal bath.",#Person2# feels itchy. #Person1# doubts it is chicken pox and asks #Person2# to get away. #Person2# doesn't believe it.,chicken pox,"Two people are having a conversation about a rash or allergy. One person is scratching and feeling itchy, while the other is concerned about their health and wants to know if they have chicken pox. The first person is worried about their health and wants to see a doctor, while the second person is concerned about their health and wants to know if they have chicken pox. The first person is also","#Person1#: What's wrong with you? In any case, I think I'll go take an oatmeal bath."
test_6_2,"#Person1#: What's wrong with you? Why are you scratching so much?
#Person2#: I feel itchy! I can't stand it anymore! I think I may be coming down with something. I feel lightheaded and weak.
#Person1#: Let me have a look. Whoa! Get away from me!
#Person2#: What's wrong?
#Person1#: I think you have chicken pox! You are contagious! Get away! Don't breathe on me!
#Person2#: Maybe it's just a rash or an allergy! We can't be sure until I see a doctor.
#Person1#: Well in the meantime you are a biohazard! I didn't get it when I was a kid and I've heard that you can even die if you get it as an adult!
#Person2#: Are you serious? You always blow things out of proportion. In any case, I think I'll go take an oatmeal bath.",#Person1# suspects that #Person2# has chicken pox and wants to keep away from #Person2#. #Person2# thinks #Person1# is exaggerating.,contagious disease,"Two people are having a conversation about a rash or allergy. One person is scratching and feeling itchy, while the other is concerned about their health and wants to know if they have chicken pox. The first person is worried about their health and wants to see a doctor, while the second person is concerned about their health and wants to know if they have chicken pox. The first person is also","#Person1#: What's wrong with you? In any case, I think I'll go take an oatmeal bath."
test_6_3,"#Person1#: What's wrong with you? Why are you scratching so much?
#Person2#: I feel itchy! I can't stand it anymore! I think I may be coming down with something. I feel lightheaded and weak.
#Person1#: Let me have a look. Whoa! Get away from me!
#Person2#: What's wrong?
#Person1#: I think you have chicken pox! You are contagious! Get away! Don't breathe on me!
#Person2#: Maybe it's just a rash or an allergy! We can't be sure until I see a doctor.
#Person1#: Well in the meantime you are a biohazard! I didn't get it when I was a kid and I've heard that you can even die if you get it as an adult!
#Person2#: Are you serious? You always blow things out of proportion. In any case, I think I'll go take an oatmeal bath.",#Person1# thinks #Person2# has chicken pox and warns #Person2# about the possible hazards but #Person2# thinks it will be fine.,chicken pox,"Two people are having a conversation about a rash or allergy. One person is scratching and feeling itchy, while the other is concerned about their health and wants to know if they have chicken pox. The first person is worried about their health and wants to see a doctor, while the second person is concerned about their health and wants to know if they have chicken pox. The first person is also","#Person1#: What's wrong with you? In any case, I think I'll go take an oatmeal bath."
test_7_1,"#Person1#: Good coming. What can I do for you?
#Person2#: I'm in Room 309. I'm checking out today. Can I have my bill now?
#Person1#: Certainly. Please wait a moment. Here you are.
#Person2#: Thanks. Wait... What's this? The 30 dollar for?
#Person1#: Excuse me... The charge for your laundry service on Nov. 20th.
#Person2#: But I did't take any laundry service during my stay here. I think you have added someone else's.
#Person1#: Ummmm...Sorry, would you mind waiting a moment? We check it with the department concerned.
#Person2#: No. As long as we get this straightened out.
#Person1#: I'm very sorry. There has been a mistake. We'll correct the bill. Please take a look.
#Person2#: Okay, here you are.
#Person1#: Goodbye.",#Person2# is checking out and asks #Person1# for the bill. #Person1# gives #Person2# a wrong bill at first then corrects it.,bill,#Person1# is checking out of a hotel room and is waiting for the bill. #Person2# is trying to correct the bill due to a mistake. #Person1# is waiting for #Person2# to finish the correction. #Person2# is waiting for #Person1# to finish the correction. #Person1# is apologizing for the mistake and is waiting for #,#Person1#: Good coming. #Person1#: Goodbye.
test_7_2,"#Person1#: Good coming. What can I do for you?
#Person2#: I'm in Room 309. I'm checking out today. Can I have my bill now?
#Person1#: Certainly. Please wait a moment. Here you are.
#Person2#: Thanks. Wait... What's this? The 30 dollar for?
#Person1#: Excuse me... The charge for your laundry service on Nov. 20th.
#Person2#: But I did't take any laundry service during my stay here. I think you have added someone else's.
#Person1#: Ummmm...Sorry, would you mind waiting a moment? We check it with the department concerned.
#Person2#: No. As long as we get this straightened out.
#Person1#: I'm very sorry. There has been a mistake. We'll correct the bill. Please take a look.
#Person2#: Okay, here you are.
#Person1#: Goodbye.",#Person1# helps #Person2# correct a mischarged bill on laundry service and helps #Person2# check out.,checking out,#Person1# is checking out of a hotel room and is waiting for the bill. #Person2# is trying to correct the bill due to a mistake. #Person1# is waiting for #Person2# to finish the correction. #Person2# is waiting for #Person1# to finish the correction. #Person1# is apologizing for the mistake and is waiting for #,#Person1#: Good coming. #Person1#: Goodbye.
test_7_3,"#Person1#: Good coming. What can I do for you?
#Person2#: I'm in Room 309. I'm checking out today. Can I have my bill now?
#Person1#: Certainly. Please wait a moment. Here you are.
#Person2#: Thanks. Wait... What's this? The 30 dollar for?
#Person1#: Excuse me... The charge for your laundry service on Nov. 20th.
#Person2#: But I did't take any laundry service during my stay here. I think you have added someone else's.
#Person1#: Ummmm...Sorry, would you mind waiting a moment? We check it with the department concerned.
#Person2#: No. As long as we get this straightened out.
#Person1#: I'm very sorry. There has been a mistake. We'll correct the bill. Please take a look.
#Person2#: Okay, here you are.
#Person1#: Goodbye.",#Person2# finds #Person2# being mischarged. #Person1# corrects the bill and #Person2# pays for it.,check out,#Person1# is checking out of a hotel room and is waiting for the bill. #Person2# is trying to correct the bill due to a mistake. #Person1# is waiting for #Person2# to finish the correction. #Person2# is waiting for #Person1# to finish the correction. #Person1# is apologizing for the mistake and is waiting for #,#Person1#: Good coming. #Person1#: Goodbye.
test_8_1,"#Person1#: Steven, I need badly your help.
#Person2#: What's the matter?
#Person1#: My wife has found that I have an affair with my secretary, and now she is going to divorce me.
#Person2#: How could you cheat on your wife? You have been married for ten years.
#Person1#: Yes, I know I'm wrong. But I swear that the affair lasts only for two months. And I still love my wife. I couldn't live without her.
#Person2#: I will try my best to persuade her to reconsider the divorce. But are you sure that from now on you will be faithful to her forever?
#Person1#: Yes, I swear.",#Person1# is begging Steven to persuade his wife not to divorce him. Steven agrees.,reconsider the divorce,"Steven, who is married to his wife, has found out that his wife has cheated on him with his secretary. Steven is now going to divorce his wife. Steven is willing to be faithful to his wife forever. Steven is not sure if he will be faithful to his wife forever. Steven is not sure if he will be faithful to his wife forever. Steven is not sure if he will be faithful","#Person1#: Steven, I need badly your help. #Person1#: Yes, I swear."
test_8_2,"#Person1#: Steven, I need badly your help.
#Person2#: What's the matter?
#Person1#: My wife has found that I have an affair with my secretary, and now she is going to divorce me.
#Person2#: How could you cheat on your wife? You have been married for ten years.
#Person1#: Yes, I know I'm wrong. But I swear that the affair lasts only for two months. And I still love my wife. I couldn't live without her.
#Person2#: I will try my best to persuade her to reconsider the divorce. But are you sure that from now on you will be faithful to her forever?
#Person1#: Yes, I swear.",Steve will try to persuade #Person1#'s wife not to divorce #Person1# as #Person1# swears to remain faithful forever.,divorce,"Steven, who is married to his wife, has found out that his wife has cheated on him with his secretary. Steven is now going to divorce his wife. Steven is willing to be faithful to his wife forever. Steven is not sure if he will be faithful to his wife forever. Steven is not sure if he will be faithful to his wife forever. Steven is not sure if he will be faithful","#Person1#: Steven, I need badly your help. #Person1#: Yes, I swear."
test_8_3,"#Person1#: Steven, I need badly your help.
#Person2#: What's the matter?
#Person1#: My wife has found that I have an affair with my secretary, and now she is going to divorce me.
#Person2#: How could you cheat on your wife? You have been married for ten years.
#Person1#: Yes, I know I'm wrong. But I swear that the affair lasts only for two months. And I still love my wife. I couldn't live without her.
#Person2#: I will try my best to persuade her to reconsider the divorce. But are you sure that from now on you will be faithful to her forever?
#Person1#: Yes, I swear.","#Person1# begs Steven's to persuade #Person1#'s wife not to divorce him, and Steven agrees.",divorce,"Steven, who is married to his wife, has found out that his wife has cheated on him with his secretary. Steven is now going to divorce his wife. Steven is willing to be faithful to his wife forever. Steven is not sure if he will be faithful to his wife forever. Steven is not sure if he will be faithful to his wife forever. Steven is not sure if he will be faithful","#Person1#: Steven, I need badly your help. #Person1#: Yes, I swear."
test_9_1,"#Person1#: Who stands out in your mind as a man or woman of sound character?
#Person2#: If I think of famous people, I think of Abraham Lincoln.
#Person1#: He's the US president, who walked five miles just to give a lady her change, isn't he?
#Person2#: That's the one. He also was famous for never giving up on his goals.
#Person1#: That's right. He ran for office quite a few times before he was finally elected.
#Person2#: And I also admire him for his courage in fighting for equal rights.
#Person1#: He had great vision, didn't he?
#Person2#: And humility. I would have liked to meet him personally.",#Person1# and #Person2# are talking about Abraham Lincoln. They think he was a noble man.,sound character,"#Person1# admires #Person2# for his character, courage, and vision. #Person2# admires #Person1# for his character, courage, and humility. #Person1# admires #Person2# for his achievements, #Person2# admires #Person1# for his achievements. #Person1# admires #Person2# for his accomplishments,",#Person1#: Who stands out in your mind as a man or woman of sound character? I would have liked to meet him personally.
test_9_2,"#Person1#: Who stands out in your mind as a man or woman of sound character?
#Person2#: If I think of famous people, I think of Abraham Lincoln.
#Person1#: He's the US president, who walked five miles just to give a lady her change, isn't he?
#Person2#: That's the one. He also was famous for never giving up on his goals.
#Person1#: That's right. He ran for office quite a few times before he was finally elected.
#Person2#: And I also admire him for his courage in fighting for equal rights.
#Person1#: He had great vision, didn't he?
#Person2#: And humility. I would have liked to meet him personally.","#Person2# admires Abraham Lincoln for his perseverance, courage and humility.",famous people,"#Person1# admires #Person2# for his character, courage, and vision. #Person2# admires #Person1# for his character, courage, and humility. #Person1# admires #Person2# for his achievements, #Person2# admires #Person1# for his achievements. #Person1# admires #Person2# for his accomplishments,",#Person1#: Who stands out in your mind as a man or woman of sound character? I would have liked to meet him personally.
test_9_3,"#Person1#: Who stands out in your mind as a man or woman of sound character?
#Person2#: If I think of famous people, I think of Abraham Lincoln.
#Person1#: He's the US president, who walked five miles just to give a lady her change, isn't he?
#Person2#: That's the one. He also was famous for never giving up on his goals.
#Person1#: That's right. He ran for office quite a few times before he was finally elected.
#Person2#: And I also admire him for his courage in fighting for equal rights.
#Person1#: He had great vision, didn't he?
#Person2#: And humility. I would have liked to meet him personally.",#Person1# and #Person2# talk about Abraham Lincoln and his glorious history. They both admire him.,discuss Abraham Lincoln,"#Person1# admires #Person2# for his character, courage, and vision. #Person2# admires #Person1# for his character, courage, and humility. #Person1# admires #Person2# for his achievements, #Person2# admires #Person1# for his achievements. #Person1# admires #Person2# for his accomplishments,",#Person1#: Who stands out in your mind as a man or woman of sound character? I would have liked to meet him personally.
test_10_1,"#Person1#: Where are you going for your trip?
#Person2#: I think Hebei is a good place.
#Person1#: But I heard the north of China are experiencing severe sandstorms!
#Person2#: Really?
#Person1#: Yes, it's said that Hebes was experiencing six degree strong winds.
#Person2#: How do these storms affect the people who live in these areas?
#Person1#: The report said the number of people with respiratory tract infections tended to rise after sandstorms. The sand gets into people's noses and throats and creates irritation.
#Person2#: It sounds that sandstorms are trouble for everybody!
#Person1#: You are quite right.",#Person2# plans to have a trip in Hebei but #Person1# says there are sandstorms in there.,sandstorms,"#Person1# is asking #Person2# about their trip plans. #Person2# suggests Hebei as a good place, but #Person1# is concerned about the severe sandstorms in Hebei. #Person2# mentions that the sandstorms in Hebei are causing respiratory tract infections and irritation. #Person1# agrees with #Person2# and is concerned about the impact of",#Person1#: Where are you going for your trip? #Person1#: You are quite right.
test_10_2,"#Person1#: Where are you going for your trip?
#Person2#: I think Hebei is a good place.
#Person1#: But I heard the north of China are experiencing severe sandstorms!
#Person2#: Really?
#Person1#: Yes, it's said that Hebes was experiencing six degree strong winds.
#Person2#: How do these storms affect the people who live in these areas?
#Person1#: The report said the number of people with respiratory tract infections tended to rise after sandstorms. The sand gets into people's noses and throats and creates irritation.
#Person2#: It sounds that sandstorms are trouble for everybody!
#Person1#: You are quite right.",#Person1# tells #Person2# Hebei was experiencing severe sandstorms and sandstorms threaten people's health.,natural disaster,"#Person1# is asking #Person2# about their trip plans. #Person2# suggests Hebei as a good place, but #Person1# is concerned about the severe sandstorms in Hebei. #Person2# mentions that the sandstorms in Hebei are causing respiratory tract infections and irritation. #Person1# agrees with #Person2# and is concerned about the impact of",#Person1#: Where are you going for your trip? #Person1#: You are quite right.
test_10_3,"#Person1#: Where are you going for your trip?
#Person2#: I think Hebei is a good place.
#Person1#: But I heard the north of China are experiencing severe sandstorms!
#Person2#: Really?
#Person1#: Yes, it's said that Hebes was experiencing six degree strong winds.
#Person2#: How do these storms affect the people who live in these areas?
#Person1#: The report said the number of people with respiratory tract infections tended to rise after sandstorms. The sand gets into people's noses and throats and creates irritation.
#Person2#: It sounds that sandstorms are trouble for everybody!
#Person1#: You are quite right.",#Person2# wants to travel to Hebei but #Person1# informs #Person2# of terrible sandstorms there.,discuss sandstorm,"#Person1# is asking #Person2# about their trip plans. #Person2# suggests Hebei as a good place, but #Person1# is concerned about the severe sandstorms in Hebei. #Person2# mentions that the sandstorms in Hebei are causing respiratory tract infections and irritation. #Person1# agrees with #Person2# and is concerned about the impact of",#Person1#: Where are you going for your trip? #Person1#: You are quite right.
test_11_1,"#Person1#: Welcome to my birthday party, I am so happy you can come.
#Person2#: Thanks for inviting me. Here is the gift for you. Happy birthday, Francis! Many more happy and healthy years for you!
#Person1#: Thank you, shall I open it now?
#Person2#: Yes, please do.
#Person1#: Wow, a remote car model and my favorite brand. I really like it. That is so nice of you.
#Person2#: Yeah, I was really struggling whether I should give you this nice little car. It was the last one they had and I really like it so much myself.
#Person1#: Typical you, always wanting to keep the best things for yourself. The more I appreciate the gift now.",#Person2# comes to the birthday party of Francis and sends him a remote car model.,birthday present,The two people are celebrating their birthday together. #Person1# is happy to be there and is excited to open the gift. #Person2# is surprised by the gift and is grateful for the offer. They both appreciate the gift and are happy to have each other. #Person1# is appreciative of the gift and is excited to open it. #Person2# is surprised by the,"#Person1#: Welcome to my birthday party, I am so happy you can come. The more I appreciate the gift now."
test_11_2,"#Person1#: Welcome to my birthday party, I am so happy you can come.
#Person2#: Thanks for inviting me. Here is the gift for you. Happy birthday, Francis! Many more happy and healthy years for you!
#Person1#: Thank you, shall I open it now?
#Person2#: Yes, please do.
#Person1#: Wow, a remote car model and my favorite brand. I really like it. That is so nice of you.
#Person2#: Yeah, I was really struggling whether I should give you this nice little car. It was the last one they had and I really like it so much myself.
#Person1#: Typical you, always wanting to keep the best things for yourself. The more I appreciate the gift now.",#Person2# gives Francis a car model that both of them love as a birthday gift.,birthday gift,The two people are celebrating their birthday together. #Person1# is happy to be there and is excited to open the gift. #Person2# is surprised by the gift and is grateful for the offer. They both appreciate the gift and are happy to have each other. #Person1# is appreciative of the gift and is excited to open it. #Person2# is surprised by the,"#Person1#: Welcome to my birthday party, I am so happy you can come. The more I appreciate the gift now."
test_11_3,"#Person1#: Welcome to my birthday party, I am so happy you can come.
#Person2#: Thanks for inviting me. Here is the gift for you. Happy birthday, Francis! Many more happy and healthy years for you!
#Person1#: Thank you, shall I open it now?
#Person2#: Yes, please do.
#Person1#: Wow, a remote car model and my favorite brand. I really like it. That is so nice of you.
#Person2#: Yeah, I was really struggling whether I should give you this nice little car. It was the last one they had and I really like it so much myself.
#Person1#: Typical you, always wanting to keep the best things for yourself. The more I appreciate the gift now.",#Person2# gives Francis a nice car model as a birthday gift and Francis appreciates it.,birthday gift,The two people are celebrating their birthday together. #Person1# is happy to be there and is excited to open the gift. #Person2# is surprised by the gift and is grateful for the offer. They both appreciate the gift and are happy to have each other. #Person1# is appreciative of the gift and is excited to open it. #Person2# is surprised by the,"#Person1#: Welcome to my birthday party, I am so happy you can come. The more I appreciate the gift now."
test_12_1,"#Person1#: Hi, Tony. You look unhappy. What's wrong?
#Person2#: Oh, Steven, I made a big mistake.
#Person1#: What happened?
#Person2#: I really wish I hadn't done it.
#Person1#: What on earth are you talking about?
#Person2#: I got caught cheating. I feel so ashamed. The teacher saw me and told me I failed.
#Person1#: What were you thinking?
#Person2#: You know my father. If I fail, he'll kill me. I have to do well.
#Person1#: But what you should do is study hard.
#Person2#: I know. . . I know. . . it's all my fault. I feel awful that I didn't study, and I cheated, and I got caught.
#Person1#: So long as you learn from your mistakes.",Tony got caught cheating and feels ashamed. Steven tells him to learn from it and study hard.,getting caught cheating,"Steven and Tony discuss their recent disagreement. Steven admits to cheating and feels ashamed, while Tony tries to help him understand the consequences of his actions. They agree to work together to learn from their mistakes and improve their academic performance. The conversation highlights the importance of honesty and responsibility in academic life.","#Person1#: Hi, Tony. #Person1#: So long as you learn from your mistakes."
test_12_2,"#Person1#: Hi, Tony. You look unhappy. What's wrong?
#Person2#: Oh, Steven, I made a big mistake.
#Person1#: What happened?
#Person2#: I really wish I hadn't done it.
#Person1#: What on earth are you talking about?
#Person2#: I got caught cheating. I feel so ashamed. The teacher saw me and told me I failed.
#Person1#: What were you thinking?
#Person2#: You know my father. If I fail, he'll kill me. I have to do well.
#Person1#: But what you should do is study hard.
#Person2#: I know. . . I know. . . it's all my fault. I feel awful that I didn't study, and I cheated, and I got caught.
#Person1#: So long as you learn from your mistakes.",Tony tells Steven that he failed a class because of cheating and he feels awful.,failing an exam,"Steven and Tony discuss their recent disagreement. Steven admits to cheating and feels ashamed, while Tony tries to help him understand the consequences of his actions. They agree to work together to learn from their mistakes and improve their academic performance. The conversation highlights the importance of honesty and responsibility in academic life.","#Person1#: Hi, Tony. #Person1#: So long as you learn from your mistakes."
test_12_3,"#Person1#: Hi, Tony. You look unhappy. What's wrong?
#Person2#: Oh, Steven, I made a big mistake.
#Person1#: What happened?
#Person2#: I really wish I hadn't done it.
#Person1#: What on earth are you talking about?
#Person2#: I got caught cheating. I feel so ashamed. The teacher saw me and told me I failed.
#Person1#: What were you thinking?
#Person2#: You know my father. If I fail, he'll kill me. I have to do well.
#Person1#: But what you should do is study hard.
#Person2#: I know. . . I know. . . it's all my fault. I feel awful that I didn't study, and I cheated, and I got caught.
#Person1#: So long as you learn from your mistakes.",Tony tells Steven that he cheated on the exam and realized his mistake.,exam cheating,"Steven and Tony discuss their recent disagreement. Steven admits to cheating and feels ashamed, while Tony tries to help him understand the consequences of his actions. They agree to work together to learn from their mistakes and improve their academic performance. The conversation highlights the importance of honesty and responsibility in academic life.","#Person1#: Hi, Tony. #Person1#: So long as you learn from your mistakes."
test_13_1,"#Person1#: What time is it, Tom?
#Person2#: Just a minute. It's ten to nine by my watch.
#Person1#: Is it? I had no idea it was so late. I must be off now.
#Person2#: What's the hurry?
#Person1#: I must catch the nine-thirty train.
#Person2#: You've plenty of time yet. The railway station is very close. It won't take more than twenty minutes to get there.",#Person1# is catching a train. Tom asks #Person1# not to hurry.,catching the train,"Tom asks #Person1# what time it is, and #Person1# replies that it's ten to nine by #Person2#'s watch. #Person1# is surprised and asks if it's late, and #Person2# confirms it's late. #Person1# then asks if he must be off now, and #Person2# replies that he must be off now","#Person1#: What time is it, Tom? It won't take more than twenty minutes to get there."
test_13_2,"#Person1#: What time is it, Tom?
#Person2#: Just a minute. It's ten to nine by my watch.
#Person1#: Is it? I had no idea it was so late. I must be off now.
#Person2#: What's the hurry?
#Person1#: I must catch the nine-thirty train.
#Person2#: You've plenty of time yet. The railway station is very close. It won't take more than twenty minutes to get there.",#Person1# is in a hurry to catch a train. Tom tells #Person1# there is plenty of time.,transportation,"Tom asks #Person1# what time it is, and #Person1# replies that it's ten to nine by #Person2#'s watch. #Person1# is surprised and asks if it's late, and #Person2# confirms it's late. #Person1# then asks if he must be off now, and #Person2# replies that he must be off now","#Person1#: What time is it, Tom? It won't take more than twenty minutes to get there."
test_13_3,"#Person1#: What time is it, Tom?
#Person2#: Just a minute. It's ten to nine by my watch.
#Person1#: Is it? I had no idea it was so late. I must be off now.
#Person2#: What's the hurry?
#Person1#: I must catch the nine-thirty train.
#Person2#: You've plenty of time yet. The railway station is very close. It won't take more than twenty minutes to get there.",#Person1# is rushing to catch a train but Tom thinks it isn't necessary.,discuss leaving,"Tom asks #Person1# what time it is, and #Person1# replies that it's ten to nine by #Person2#'s watch. #Person1# is surprised and asks if it's late, and #Person2# confirms it's late. #Person1# then asks if he must be off now, and #Person2# replies that he must be off now","#Person1#: What time is it, Tom? It won't take more than twenty minutes to get there."
test_14_1,"#Person1#: I don't know how to adjust my life. Would you give me a piece of advice?
#Person2#: You look a bit pale, don't you?
#Person1#: Yes, I can't sleep well every night.
#Person2#: You should get plenty of sleep.
#Person1#: I drink a lot of wine.
#Person2#: If I were you, I wouldn't drink too much.
#Person1#: I often feel so tired.
#Person2#: You better do some exercise every morning.
#Person1#: I sometimes find the shadow of death in front of me.
#Person2#: Why do you worry about your future? You're very young, and you'll make great contribution to the world. I hope you take my advice.",#Person1# wants to adjust #Person1#'s life and #Person2# suggests #Person1# be positive and stay healthy.,adjust the life,"#Person1# is feeling unwell and is looking for advice on how to adjust his life. #Person2# suggests getting plenty of sleep, drinking less wine, and doing some exercise. #Person1# agrees to try these suggestions and hopes that #Person2# will take his advice. #Person2# acknowledges that #Person1# is young and will make great contributions to the world",#Person1#: I don't know how to adjust my life. I hope you take my advice.
test_14_2,"#Person1#: I don't know how to adjust my life. Would you give me a piece of advice?
#Person2#: You look a bit pale, don't you?
#Person1#: Yes, I can't sleep well every night.
#Person2#: You should get plenty of sleep.
#Person1#: I drink a lot of wine.
#Person2#: If I were you, I wouldn't drink too much.
#Person1#: I often feel so tired.
#Person2#: You better do some exercise every morning.
#Person1#: I sometimes find the shadow of death in front of me.
#Person2#: Why do you worry about your future? You're very young, and you'll make great contribution to the world. I hope you take my advice.",#Person1# has a bad lifestyle. #Person2# kindly advises #Person1# to be positive.,advice,"#Person1# is feeling unwell and is looking for advice on how to adjust his life. #Person2# suggests getting plenty of sleep, drinking less wine, and doing some exercise. #Person1# agrees to try these suggestions and hopes that #Person2# will take his advice. #Person2# acknowledges that #Person1# is young and will make great contributions to the world",#Person1#: I don't know how to adjust my life. I hope you take my advice.
test_14_3,"#Person1#: I don't know how to adjust my life. Would you give me a piece of advice?
#Person2#: You look a bit pale, don't you?
#Person1#: Yes, I can't sleep well every night.
#Person2#: You should get plenty of sleep.
#Person1#: I drink a lot of wine.
#Person2#: If I were you, I wouldn't drink too much.
#Person1#: I often feel so tired.
#Person2#: You better do some exercise every morning.
#Person1#: I sometimes find the shadow of death in front of me.
#Person2#: Why do you worry about your future? You're very young, and you'll make great contribution to the world. I hope you take my advice.",#Person2# hopes #Person1# will become healthy and positive.,giving advice,"#Person1# is feeling unwell and is looking for advice on how to adjust his life. #Person2# suggests getting plenty of sleep, drinking less wine, and doing some exercise. #Person1# agrees to try these suggestions and hopes that #Person2# will take his advice. #Person2# acknowledges that #Person1# is young and will make great contributions to the world",#Person1#: I don't know how to adjust my life. I hope you take my advice.
test_15_1,"#Person1#: Would you like to go to the party tonight?
#Person2#: Whose party?
#Person1#: Ruojia's. Don't you know that? Ruojia has got married.
#Person2#: What! Is she really? I can't believe it!
#Person1#: Yes. Yesterday.
#Person2#: Good gracious. That's incredible! I feel so happy for her!
#Person1#: Yes, me too.
#Person2#: But how do you know that?
#Person1#: I saw the news from her twitter. And she sent an email about it.
#Person2#: What? I didn't receive it!
#Person1#: Maybe you should check your email.
#Person2#: Oh yes, I find it. Tonight at her home. Will you bring something?
#Person1#: Yes, a pair of wineglasses and a card to wish her happy marriage.
#Person2#: I will buy a tea set.",#Person1# tells #Person2# that Ruojia is married and will have a party tonight. #Person2#'s surprised to know that. They will bring their gifts to bless her.,Ruojia is married,#Person1# and #Person2# are discussing a planned party for #Person2#'s friend #Person1#. #Person2# is surprised to learn that #Person1# is the host of the party and that #Person1# has a married friend. #Person2# is happy for #Person1# and is surprised by the news. #Person1# suggests,#Person1#: Would you like to go to the party tonight? #Person2#: I will buy a tea set.
test_15_2,"#Person1#: Would you like to go to the party tonight?
#Person2#: Whose party?
#Person1#: Ruojia's. Don't you know that? Ruojia has got married.
#Person2#: What! Is she really? I can't believe it!
#Person1#: Yes. Yesterday.
#Person2#: Good gracious. That's incredible! I feel so happy for her!
#Person1#: Yes, me too.
#Person2#: But how do you know that?
#Person1#: I saw the news from her twitter. And she sent an email about it.
#Person2#: What? I didn't receive it!
#Person1#: Maybe you should check your email.
#Person2#: Oh yes, I find it. Tonight at her home. Will you bring something?
#Person1#: Yes, a pair of wineglasses and a card to wish her happy marriage.
#Person2#: I will buy a tea set.",#Person2# is surprised to know from #Person1# that Ruojia is married. Then #Person2# finds Ruojia has sent an email about it. They will go to Ruojia's party and give their presents to her.,surprising news,#Person1# and #Person2# are discussing a planned party for #Person2#'s friend #Person1#. #Person2# is surprised to learn that #Person1# is the host of the party and that #Person1# has a married friend. #Person2# is happy for #Person1# and is surprised by the news. #Person1# suggests,#Person1#: Would you like to go to the party tonight? #Person2#: I will buy a tea set.
test_15_3,"#Person1#: Would you like to go to the party tonight?
#Person2#: Whose party?
#Person1#: Ruojia's. Don't you know that? Ruojia has got married.
#Person2#: What! Is she really? I can't believe it!
#Person1#: Yes. Yesterday.
#Person2#: Good gracious. That's incredible! I feel so happy for her!
#Person1#: Yes, me too.
#Person2#: But how do you know that?
#Person1#: I saw the news from her twitter. And she sent an email about it.
#Person2#: What? I didn't receive it!
#Person1#: Maybe you should check your email.
#Person2#: Oh yes, I find it. Tonight at her home. Will you bring something?
#Person1#: Yes, a pair of wineglasses and a card to wish her happy marriage.
#Person2#: I will buy a tea set.",#Person2# is surprised that Ruojia's married. #Person1# and #Person2# will go to her party and give their presents to wish her a happy marriage.,discuss marriage,#Person1# and #Person2# are discussing a planned party for #Person2#'s friend #Person1#. #Person2# is surprised to learn that #Person1# is the host of the party and that #Person1# has a married friend. #Person2# is happy for #Person1# and is surprised by the news. #Person1# suggests,#Person1#: Would you like to go to the party tonight? #Person2#: I will buy a tea set.
test_16_1,"#Person1#: Yeah. Just pull on this strip. Then peel off the back.
#Person2#: You might make a few enemies this way.
#Person1#: If they don't think this is fun, they're not meant to be our friends.
#Person2#: You mean your friends. I think it's cruel.
#Person1#: Yeah. But it's fun. Look at those two ugly old ladies. . . or are they men?
#Person2#: Hurry! Get a shot!. . . Hand it over!
#Person1#: I knew you'd come around. . .",#Person2# at first thinks #Person1#'s behaviour cruel but finally joins #Person1#.,cruel behaviour,"Two friends are having a disagreement about a strip tease. One friend suggests they pull off the strip and peel off the back, while the other friend suggests they make a few enemies by pulling off the strip. The first friend argues that it's not fun and that it's cruel to make enemies. The second friend counters that it's fun and that it's cruel to make enemies. The first friend agrees",#Person1#: Yeah. .
test_16_2,"#Person1#: Yeah. Just pull on this strip. Then peel off the back.
#Person2#: You might make a few enemies this way.
#Person1#: If they don't think this is fun, they're not meant to be our friends.
#Person2#: You mean your friends. I think it's cruel.
#Person1#: Yeah. But it's fun. Look at those two ugly old ladies. . . or are they men?
#Person2#: Hurry! Get a shot!. . . Hand it over!
#Person1#: I knew you'd come around. . .",#Person1# plans on playing a trick to others. #Person2# thinks it's cruel at first but then joins.,tricking others,"Two friends are having a disagreement about a strip tease. One friend suggests they pull off the strip and peel off the back, while the other friend suggests they make a few enemies by pulling off the strip. The first friend argues that it's not fun and that it's cruel to make enemies. The second friend counters that it's fun and that it's cruel to make enemies. The first friend agrees",#Person1#: Yeah. .
test_16_3,"#Person1#: Yeah. Just pull on this strip. Then peel off the back.
#Person2#: You might make a few enemies this way.
#Person1#: If they don't think this is fun, they're not meant to be our friends.
#Person2#: You mean your friends. I think it's cruel.
#Person1#: Yeah. But it's fun. Look at those two ugly old ladies. . . or are they men?
#Person2#: Hurry! Get a shot!. . . Hand it over!
#Person1#: I knew you'd come around. . .",#Person1# is about to make a prank. #Person2# thinks it's cruel at first but then joins.,prank,"Two friends are having a disagreement about a strip tease. One friend suggests they pull off the strip and peel off the back, while the other friend suggests they make a few enemies by pulling off the strip. The first friend argues that it's not fun and that it's cruel to make enemies. The second friend counters that it's fun and that it's cruel to make enemies. The first friend agrees",#Person1#: Yeah. .
test_17_1,"#Person1#: What does your sister look like, Mike?
#Person2#: Well, she's tall and pretty.
#Person1#: Is she like you?
#Person2#: I suppose so. We're both friendly and easy-going.
#Person1#: Is she as clever as you?
#Person2#: No, she's not as clever as me.
#Person1#: Big head!",Mike is describing his sister to #Person1#.,sister,"Mike asks his sister about her appearance, and she responds that she is tall and pretty. Mike inquires if she is as clever as him, and she responds that she is not as clever as him. Mike then asks if she is as big-headed as him, and she responds that she is not as big-headed as him. The conversation ends with Mike asking if she is as friendly and easy-going","#Person1#: What does your sister look like, Mike? #Person1#: Big head!"
test_17_2,"#Person1#: What does your sister look like, Mike?
#Person2#: Well, she's tall and pretty.
#Person1#: Is she like you?
#Person2#: I suppose so. We're both friendly and easy-going.
#Person1#: Is she as clever as you?
#Person2#: No, she's not as clever as me.
#Person1#: Big head!",Mike describes to #Person1# his sister's characters and personality.,family member,"Mike asks his sister about her appearance, and she responds that she is tall and pretty. Mike inquires if she is as clever as him, and she responds that she is not as clever as him. Mike then asks if she is as big-headed as him, and she responds that she is not as big-headed as him. The conversation ends with Mike asking if she is as friendly and easy-going","#Person1#: What does your sister look like, Mike? #Person1#: Big head!"
test_17_3,"#Person1#: What does your sister look like, Mike?
#Person2#: Well, she's tall and pretty.
#Person1#: Is she like you?
#Person2#: I suppose so. We're both friendly and easy-going.
#Person1#: Is she as clever as you?
#Person2#: No, she's not as clever as me.
#Person1#: Big head!",#Person1# asks Mike about his sister.,describe a person,"Mike asks his sister about her appearance, and she responds that she is tall and pretty. Mike inquires if she is as clever as him, and she responds that she is not as clever as him. Mike then asks if she is as big-headed as him, and she responds that she is not as big-headed as him. The conversation ends with Mike asking if she is as friendly and easy-going","#Person1#: What does your sister look like, Mike? #Person1#: Big head!"
test_18_1,"#Person1#: Is anybody in?
#Person2#: How can I help you?
#Person1#: I have a headache.
#Person2#: Let me take your temperature with a thermometer.
#Person1#: OK.
#Person2#: I think you have a small fever.
#Person1#: I thought so. I felt dizzy this morning.
#Person2#: You should've called in sick! Next time, have either of your parents call the school office.",#Person1# feels sick and #Person2# gives #Person1# a check-up.,feeling sick,#Person1# is feeling unwell and is calling #Person2# for help. #Person2# suggests taking #Person1#'s temperature with a thermometer and advises against calling in sick. #Person1# is relieved to hear that he has a small fever and feels dizzy. #Person2# advises against calling in sick again. #Person1# is relieved to hear that he,"#Person1#: Is anybody in? Next time, have either of your parents call the school office."
test_18_2,"#Person1#: Is anybody in?
#Person2#: How can I help you?
#Person1#: I have a headache.
#Person2#: Let me take your temperature with a thermometer.
#Person1#: OK.
#Person2#: I think you have a small fever.
#Person1#: I thought so. I felt dizzy this morning.
#Person2#: You should've called in sick! Next time, have either of your parents call the school office.",#Person2# finds that #Person1# has a fever and says #Person1# should've called in sick earlier.,at school,#Person1# is feeling unwell and is calling #Person2# for help. #Person2# suggests taking #Person1#'s temperature with a thermometer and advises against calling in sick. #Person1# is relieved to hear that he has a small fever and feels dizzy. #Person2# advises against calling in sick again. #Person1# is relieved to hear that he,"#Person1#: Is anybody in? Next time, have either of your parents call the school office."
test_18_3,"#Person1#: Is anybody in?
#Person2#: How can I help you?
#Person1#: I have a headache.
#Person2#: Let me take your temperature with a thermometer.
#Person1#: OK.
#Person2#: I think you have a small fever.
#Person1#: I thought so. I felt dizzy this morning.
#Person2#: You should've called in sick! Next time, have either of your parents call the school office.",#Person2# checks #Person1#'s physical condition and finds #Person1# has a fever.,physical test,#Person1# is feeling unwell and is calling #Person2# for help. #Person2# suggests taking #Person1#'s temperature with a thermometer and advises against calling in sick. #Person1# is relieved to hear that he has a small fever and feels dizzy. #Person2# advises against calling in sick again. #Person1# is relieved to hear that he,"#Person1#: Is anybody in? Next time, have either of your parents call the school office."
test_19_1,"#Person1#: Can I help you?
#Person2#: I'd like to buy a new mobile phone please.
#Person1#: Ok, would you like a phone with camera and MP3 player?
#Person2#: Yes please. And I'd like to be able to make video calls too.",#Person1# helps #Person2# to choose a new phone.,buying a phone,"#Person1# is trying to sell a mobile phone to #Person2#. #Person2# is interested in buying a new phone with a camera and MP3 player, and also wants to be able to make video calls. #Person1# agrees to the terms and #Person2# agrees to purchase the phone. #Person1# is happy with the terms and #Person2# is",#Person1#: Can I help you? And I'd like to be able to make video calls too.
test_19_2,"#Person1#: Can I help you?
#Person2#: I'd like to buy a new mobile phone please.
#Person1#: Ok, would you like a phone with camera and MP3 player?
#Person2#: Yes please. And I'd like to be able to make video calls too.",#Person2# wants to buy a new mobile phone from #Person1#.,shopping,"#Person1# is trying to sell a mobile phone to #Person2#. #Person2# is interested in buying a new phone with a camera and MP3 player, and also wants to be able to make video calls. #Person1# agrees to the terms and #Person2# agrees to purchase the phone. #Person1# is happy with the terms and #Person2# is",#Person1#: Can I help you? And I'd like to be able to make video calls too.
test_19_3,"#Person1#: Can I help you?
#Person2#: I'd like to buy a new mobile phone please.
#Person1#: Ok, would you like a phone with camera and MP3 player?
#Person2#: Yes please. And I'd like to be able to make video calls too.",#Person2# wants to buy a new mobile phone from #Person1#.,shopping,"#Person1# is trying to sell a mobile phone to #Person2#. #Person2# is interested in buying a new phone with a camera and MP3 player, and also wants to be able to make video calls. #Person1# agrees to the terms and #Person2# agrees to purchase the phone. #Person1# is happy with the terms and #Person2# is",#Person1#: Can I help you? And I'd like to be able to make video calls too.
test_20_1,"#Person1#: Hey, Frank. I heard you got a new job.
#Person2#: Yeah, Judy. I will be working for the Post Office. It's not a bad job.
#Person1#: Is it true that you have a heavy work schedule?
#Person2#: That's right. I am supposed to work at 5am everyday, and I only get 45 minutes for lunch.
#Person1#: So, why did you apply for such a demanding job?
#Person2#: Well, the government offers its employees excellent health insurance benefits.
#Person1#: Oh, I see. And can your family members utilize the health insurance, too?
#Person2#: Yeah, that's the best part. All of my children can get free medical care.
#Person1#: That's a great employment benefit!
#Person2#: Now you know why I wanted to work for the Post Office!",Frank got a new job and is telling Judy not only the heavy schedule but also the benefits of this job.,new job,#Person1# and #Person2# are coworkers who are discussing #Person1#'s new job offer from the Post Office. #Person2# is impressed by the job offer and asks why #Person1# applied for it. #Person2# explains that the government offers its employees excellent health insurance benefits and that #Person1#'s family members can also benefit from the health insurance.,"#Person1#: Hey, Frank. #Person2#: Now you know why I wanted to work for the Post Office!"
test_20_2,"#Person1#: Hey, Frank. I heard you got a new job.
#Person2#: Yeah, Judy. I will be working for the Post Office. It's not a bad job.
#Person1#: Is it true that you have a heavy work schedule?
#Person2#: That's right. I am supposed to work at 5am everyday, and I only get 45 minutes for lunch.
#Person1#: So, why did you apply for such a demanding job?
#Person2#: Well, the government offers its employees excellent health insurance benefits.
#Person1#: Oh, I see. And can your family members utilize the health insurance, too?
#Person2#: Yeah, that's the best part. All of my children can get free medical care.
#Person1#: That's a great employment benefit!
#Person2#: Now you know why I wanted to work for the Post Office!",Frank explains to Judy the reason why he took a job at the Post office is that the government offers excellent health insurance benefits for its employees.,employment,#Person1# and #Person2# are coworkers who are discussing #Person1#'s new job offer from the Post Office. #Person2# is impressed by the job offer and asks why #Person1# applied for it. #Person2# explains that the government offers its employees excellent health insurance benefits and that #Person1#'s family members can also benefit from the health insurance.,"#Person1#: Hey, Frank. #Person2#: Now you know why I wanted to work for the Post Office!"
test_20_3,"#Person1#: Hey, Frank. I heard you got a new job.
#Person2#: Yeah, Judy. I will be working for the Post Office. It's not a bad job.
#Person1#: Is it true that you have a heavy work schedule?
#Person2#: That's right. I am supposed to work at 5am everyday, and I only get 45 minutes for lunch.
#Person1#: So, why did you apply for such a demanding job?
#Person2#: Well, the government offers its employees excellent health insurance benefits.
#Person1#: Oh, I see. And can your family members utilize the health insurance, too?
#Person2#: Yeah, that's the best part. All of my children can get free medical care.
#Person1#: That's a great employment benefit!
#Person2#: Now you know why I wanted to work for the Post Office!",Frank describes his new job's schedule and insurance at the Post Office to Judy.,job description,#Person1# and #Person2# are coworkers who are discussing #Person1#'s new job offer from the Post Office. #Person2# is impressed by the job offer and asks why #Person1# applied for it. #Person2# explains that the government offers its employees excellent health insurance benefits and that #Person1#'s family members can also benefit from the health insurance.,"#Person1#: Hey, Frank. #Person2#: Now you know why I wanted to work for the Post Office!"
test_21_1,"#Person1#: Do you have any special skills?
#Person2#: I can write computer programs, I have a good command of secretarial skills.
#Person1#: What qualifications have you got?
#Person2#: I have a doctor license and a driving license.
#Person1#: Do you get special training in office skills?
#Person2#: I passed both the Cambridge Examinations, First Certificate and the Certificate of Proficiency in English. And studied for a year in London at the Lucas Secretarial College, ending with speeds of 120 words per minute in English shorthand and 50 words per minute in typing. I was also trained in office procedure.
#Person1#: Please tell me about work you have done, which qualifies you for this job.
#Person2#: I'Ve received some special training in typing, shorthand and operating a fax machine, etc. . I'm experienced in IBM-PC. I can operate familiarly a word-processor, a fax machine, a photo and other office equipment.",#Person2# is describing the educational background and previous working experience to #Person1# in a job interview.,job interview,"#Person1# asks #Person2# about their qualifications and skills. #Person2# shares that they have a doctor license, a driving license, and passed Cambridge Examinations and the Certificate of Proficiency in English. #Person1# asks about their office skills, and #Person2# mentions that they studied for a year in London at the Lucas Secretarial College and passed the exam","#Person1#: Do you have any special skills? I can operate familiarly a word-processor, a fax machine, a photo and other office equipment."
test_21_2,"#Person1#: Do you have any special skills?
#Person2#: I can write computer programs, I have a good command of secretarial skills.
#Person1#: What qualifications have you got?
#Person2#: I have a doctor license and a driving license.
#Person1#: Do you get special training in office skills?
#Person2#: I passed both the Cambridge Examinations, First Certificate and the Certificate of Proficiency in English. And studied for a year in London at the Lucas Secretarial College, ending with speeds of 120 words per minute in English shorthand and 50 words per minute in typing. I was also trained in office procedure.
#Person1#: Please tell me about work you have done, which qualifies you for this job.
#Person2#: I'Ve received some special training in typing, shorthand and operating a fax machine, etc. . I'm experienced in IBM-PC. I can operate familiarly a word-processor, a fax machine, a photo and other office equipment.",#Person2# is being interviewed by #Person1#. #Person2# is equipped with a bunch of valuable office skills.,job interview,"#Person1# asks #Person2# about their qualifications and skills. #Person2# shares that they have a doctor license, a driving license, and passed Cambridge Examinations and the Certificate of Proficiency in English. #Person1# asks about their office skills, and #Person2# mentions that they studied for a year in London at the Lucas Secretarial College and passed the exam","#Person1#: Do you have any special skills? I can operate familiarly a word-processor, a fax machine, a photo and other office equipment."
test_21_3,"#Person1#: Do you have any special skills?
#Person2#: I can write computer programs, I have a good command of secretarial skills.
#Person1#: What qualifications have you got?
#Person2#: I have a doctor license and a driving license.
#Person1#: Do you get special training in office skills?
#Person2#: I passed both the Cambridge Examinations, First Certificate and the Certificate of Proficiency in English. And studied for a year in London at the Lucas Secretarial College, ending with speeds of 120 words per minute in English shorthand and 50 words per minute in typing. I was also trained in office procedure.
#Person1#: Please tell me about work you have done, which qualifies you for this job.
#Person2#: I'Ve received some special training in typing, shorthand and operating a fax machine, etc. . I'm experienced in IBM-PC. I can operate familiarly a word-processor, a fax machine, a photo and other office equipment.","#Person1# asks about #Person2#'s special skills, training, previous working experience and other qualification for the job.",job interview,"#Person1# asks #Person2# about their qualifications and skills. #Person2# shares that they have a doctor license, a driving license, and passed Cambridge Examinations and the Certificate of Proficiency in English. #Person1# asks about their office skills, and #Person2# mentions that they studied for a year in London at the Lucas Secretarial College and passed the exam","#Person1#: Do you have any special skills? I can operate familiarly a word-processor, a fax machine, a photo and other office equipment."
test_22_1,"#Person1#: Excuse me.
#Person2#: Yes, sir. Can I help you?
#Person1#: Um, this steak, I asked for to be medium rare.
#Person2#: Medium rare, that's right, sir. I remember your order.
#Person1#: Well, I'm afraid it isn't. It's a bit too well done and rather tough. Would you mind changing?
#Person2#: If it is not to your satisfaction, I'll certainly bring you another. But I'm afraid you may have to wait for a few minutes.
#Person1#: Yes, that's all right. Thank you very much.",#Person1# is not satisfied with the steak and #Person2# will change it.,changing the steak,"A customer asks for a steak to be medium rare, but the server refuses to serve it. The customer is upset and requests a change. The server agrees to bring another steak, but the customer is still dissatisfied. The server apologizes and offers to bring another steak, but the customer is still unhappy. The server offers to bring another steak, but the customer is still dissatisfied. The server",#Person1#: Excuse me. Thank you very much.
test_22_2,"#Person1#: Excuse me.
#Person2#: Yes, sir. Can I help you?
#Person1#: Um, this steak, I asked for to be medium rare.
#Person2#: Medium rare, that's right, sir. I remember your order.
#Person1#: Well, I'm afraid it isn't. It's a bit too well done and rather tough. Would you mind changing?
#Person2#: If it is not to your satisfaction, I'll certainly bring you another. But I'm afraid you may have to wait for a few minutes.
#Person1#: Yes, that's all right. Thank you very much.",#Person2# will change a steak for #Person1# as that one doesn't satisfy #Person1#.,at a restaurant,"A customer asks for a steak to be medium rare, but the server refuses to serve it. The customer is upset and requests a change. The server agrees to bring another steak, but the customer is still dissatisfied. The server apologizes and offers to bring another steak, but the customer is still unhappy. The server offers to bring another steak, but the customer is still dissatisfied. The server",#Person1#: Excuse me. Thank you very much.
test_22_3,"#Person1#: Excuse me.
#Person2#: Yes, sir. Can I help you?
#Person1#: Um, this steak, I asked for to be medium rare.
#Person2#: Medium rare, that's right, sir. I remember your order.
#Person1#: Well, I'm afraid it isn't. It's a bit too well done and rather tough. Would you mind changing?
#Person2#: If it is not to your satisfaction, I'll certainly bring you another. But I'm afraid you may have to wait for a few minutes.
#Person1#: Yes, that's all right. Thank you very much.","#Person1# is not satisfied with #Person1#'s steak and asks to change one, and #Person2# agrees.",restaurant service,"A customer asks for a steak to be medium rare, but the server refuses to serve it. The customer is upset and requests a change. The server agrees to bring another steak, but the customer is still dissatisfied. The server apologizes and offers to bring another steak, but the customer is still unhappy. The server offers to bring another steak, but the customer is still dissatisfied. The server",#Person1#: Excuse me. Thank you very much.
test_23_1,"#Person1#: Tom, I've got good news for you.
#Person2#: What is it?
#Person1#: Haven't you heard that your novel has won The Nobel Prize?
#Person2#: Really? I can't believe it. It's like a dream come true. I never expected that I would win The Nobel Prize!
#Person1#: You did a good job. I'm extremely proud of you.
#Person2#: Thanks for the compliment.
#Person1#: You certainly deserve it. Let's celebrate!",#Person1# congratulates Tom for achieving the Nobel Prize.,Nobel Prize,"Tom, who has just won the Nobel Prize, congratulates #Person2# on her achievement. They both express pride in each other's accomplishments. The conversation is light-hearted and celebratory. The tone is warm and supportive. The dialogue is brief but engaging. The main points are that Tom has just won the Nobel Prize and that #Person2# is proud of her accomplishment. The conversation is","#Person1#: Tom, I've got good news for you. Let's celebrate!"
test_23_2,"#Person1#: Tom, I've got good news for you.
#Person2#: What is it?
#Person1#: Haven't you heard that your novel has won The Nobel Prize?
#Person2#: Really? I can't believe it. It's like a dream come true. I never expected that I would win The Nobel Prize!
#Person1#: You did a good job. I'm extremely proud of you.
#Person2#: Thanks for the compliment.
#Person1#: You certainly deserve it. Let's celebrate!",#Person1# tells Tom that his novel has won the Nobel Prize.,surprising news,"Tom, who has just won the Nobel Prize, congratulates #Person2# on her achievement. They both express pride in each other's accomplishments. The conversation is light-hearted and celebratory. The tone is warm and supportive. The dialogue is brief but engaging. The main points are that Tom has just won the Nobel Prize and that #Person2# is proud of her accomplishment. The conversation is","#Person1#: Tom, I've got good news for you. Let's celebrate!"
test_23_3,"#Person1#: Tom, I've got good news for you.
#Person2#: What is it?
#Person1#: Haven't you heard that your novel has won The Nobel Prize?
#Person2#: Really? I can't believe it. It's like a dream come true. I never expected that I would win The Nobel Prize!
#Person1#: You did a good job. I'm extremely proud of you.
#Person2#: Thanks for the compliment.
#Person1#: You certainly deserve it. Let's celebrate!",#Person2# tells Tom he won the Nobel Prize.,win a prize,"Tom, who has just won the Nobel Prize, congratulates #Person2# on her achievement. They both express pride in each other's accomplishments. The conversation is light-hearted and celebratory. The tone is warm and supportive. The dialogue is brief but engaging. The main points are that Tom has just won the Nobel Prize and that #Person2# is proud of her accomplishment. The conversation is","#Person1#: Tom, I've got good news for you. Let's celebrate!"
test_24_1,"#Person1#: What makes you think you are able to do the job?
#Person2#: My major is Automobile Designing and I have received my master's degree in science. I think I can do it well.
#Person1#: What kind of work were you responsible for in the past employment?
#Person2#: I am a student engineer who mainly took charge of understanding of the mechanical strength and corrosion resistance of various materials.",#Person1# is interviewing #Person2# about #Person2#'s ability and previous experience.,job interview,#Person1# asks #Person2# if they think #Person2# can do the job. #Person2# says that #Person2# has a master's degree in science and that they think they can do the job well. #Person1# asks about #Person2#'s past employment. #Person2# says that they are a student engineer who mainly took charge of,#Person1#: What makes you think you are able to do the job? #Person2#: I am a student engineer who mainly took charge of understanding of the mechanical strength and corrosion resistance of various materials.
test_24_2,"#Person1#: What makes you think you are able to do the job?
#Person2#: My major is Automobile Designing and I have received my master's degree in science. I think I can do it well.
#Person1#: What kind of work were you responsible for in the past employment?
#Person2#: I am a student engineer who mainly took charge of understanding of the mechanical strength and corrosion resistance of various materials.",#Person1# asks #Person2# about #Person2#'s capacities and past working experience during an interview.,job interview,#Person1# asks #Person2# if they think #Person2# can do the job. #Person2# says that #Person2# has a master's degree in science and that they think they can do the job well. #Person1# asks about #Person2#'s past employment. #Person2# says that they are a student engineer who mainly took charge of,#Person1#: What makes you think you are able to do the job? #Person2#: I am a student engineer who mainly took charge of understanding of the mechanical strength and corrosion resistance of various materials.
test_24_3,"#Person1#: What makes you think you are able to do the job?
#Person2#: My major is Automobile Designing and I have received my master's degree in science. I think I can do it well.
#Person1#: What kind of work were you responsible for in the past employment?
#Person2#: I am a student engineer who mainly took charge of understanding of the mechanical strength and corrosion resistance of various materials.",#Person1# asks #Person2# about #Person2#'s qualification for the job.,job interview,#Person1# asks #Person2# if they think #Person2# can do the job. #Person2# says that #Person2# has a master's degree in science and that they think they can do the job well. #Person1# asks about #Person2#'s past employment. #Person2# says that they are a student engineer who mainly took charge of,#Person1#: What makes you think you are able to do the job? #Person2#: I am a student engineer who mainly took charge of understanding of the mechanical strength and corrosion resistance of various materials.
test_25_1,"#Person1#: Do you drink much?
#Person2#: Depending on what you consider a lot.
#Person1#: How frequently do you drink?
#Person2#: Couple times a week. How about you?
#Person1#: Only when I go out. I'm not a big drinker.
#Person2#: How much can you drink?
#Person1#: I usually only have 2 beers.
#Person2#: You're a light weight.
#Person1#: How much can you drink?
#Person2#: I'm usually drinking all night long. At least 10 drinks.
#Person1#: Don't you spend a lot of money then?
#Person2#: No. We usually go to places that have specials. Dante's over on the Ave has $ 5. 00 pitchers on Mondays. So for ten, fifteen bucks, I can get a lot of drinks.
#Person1#: That's true.
#Person2#: If you don't like beer, have you tried mixed drinks? Some of them are pretty good.
#Person1#: I like beer, it's just that I get a headache when I drink more than 3.
#Person2#: You just have to build up a tolerance. I used to be like that. But your body gets used to it.
#Person1#: It'll take awhile, but I'm working on it.
#Person2#: Hey let's go out tomorrow night. The Ram Bar and Grill is having a special on pitchers.
#Person1#: Alright.","#Person1# and #Person2# are talking about some personal facts of drinking. #Person2# drinks a lot, while #Person1# cannot drink much for health reasons. They decide to have a drink together tomorrow night.",drinking,"#Person1# and #Person2# are discussing their drinking habits and preferences. #Person1# is a heavy drinker, while #Person2# is a light drinker. #Person2# enjoys drinking beer and mixed drinks, while #Person1# prefers beer. They are discussing the cost of drinks and the benefits of mixed drinks. #Person1# is working on building tolerance",#Person1#: Do you drink much? #Person1#: Alright.
test_25_2,"#Person1#: Do you drink much?
#Person2#: Depending on what you consider a lot.
#Person1#: How frequently do you drink?
#Person2#: Couple times a week. How about you?
#Person1#: Only when I go out. I'm not a big drinker.
#Person2#: How much can you drink?
#Person1#: I usually only have 2 beers.
#Person2#: You're a light weight.
#Person1#: How much can you drink?
#Person2#: I'm usually drinking all night long. At least 10 drinks.
#Person1#: Don't you spend a lot of money then?
#Person2#: No. We usually go to places that have specials. Dante's over on the Ave has $ 5. 00 pitchers on Mondays. So for ten, fifteen bucks, I can get a lot of drinks.
#Person1#: That's true.
#Person2#: If you don't like beer, have you tried mixed drinks? Some of them are pretty good.
#Person1#: I like beer, it's just that I get a headache when I drink more than 3.
#Person2#: You just have to build up a tolerance. I used to be like that. But your body gets used to it.
#Person1#: It'll take awhile, but I'm working on it.
#Person2#: Hey let's go out tomorrow night. The Ram Bar and Grill is having a special on pitchers.
#Person1#: Alright.","#Person2#, a heavy drinker, invites #Person1#, a light drinker to go out the next day. #Person2# chooses a place that has a special on pitchers.",drinking,"#Person1# and #Person2# are discussing their drinking habits and preferences. #Person1# is a heavy drinker, while #Person2# is a light drinker. #Person2# enjoys drinking beer and mixed drinks, while #Person1# prefers beer. They are discussing the cost of drinks and the benefits of mixed drinks. #Person1# is working on building tolerance",#Person1#: Do you drink much? #Person1#: Alright.
test_25_3,"#Person1#: Do you drink much?
#Person2#: Depending on what you consider a lot.
#Person1#: How frequently do you drink?
#Person2#: Couple times a week. How about you?
#Person1#: Only when I go out. I'm not a big drinker.
#Person2#: How much can you drink?
#Person1#: I usually only have 2 beers.
#Person2#: You're a light weight.
#Person1#: How much can you drink?
#Person2#: I'm usually drinking all night long. At least 10 drinks.
#Person1#: Don't you spend a lot of money then?
#Person2#: No. We usually go to places that have specials. Dante's over on the Ave has $ 5. 00 pitchers on Mondays. So for ten, fifteen bucks, I can get a lot of drinks.
#Person1#: That's true.
#Person2#: If you don't like beer, have you tried mixed drinks? Some of them are pretty good.
#Person1#: I like beer, it's just that I get a headache when I drink more than 3.
#Person2#: You just have to build up a tolerance. I used to be like that. But your body gets used to it.
#Person1#: It'll take awhile, but I'm working on it.
#Person2#: Hey let's go out tomorrow night. The Ram Bar and Grill is having a special on pitchers.
#Person1#: Alright.",#Person1# and #Person2# talk about their drinking capacity and their drinking habits. They decide to have a drink together tomorrow night.,discuss drinking,"#Person1# and #Person2# are discussing their drinking habits and preferences. #Person1# is a heavy drinker, while #Person2# is a light drinker. #Person2# enjoys drinking beer and mixed drinks, while #Person1# prefers beer. They are discussing the cost of drinks and the benefits of mixed drinks. #Person1# is working on building tolerance",#Person1#: Do you drink much? #Person1#: Alright.
test_26_1,"#Person1#: May, do you mind helping me prepare for the picnic?
#Person2#: Sure. Have you checked the weather report?
#Person1#: Yes. It says it will be sunny all day. No sign of rain at all. This is your father's favorite sausage. Sandwiches for you and Daniel.
#Person2#: No, thanks Mom. I'd like some toast and chicken wings.
#Person1#: Okay. Please take some fruit salad and crackers for me.
#Person2#: Done. Oh, don't forget to take napkins disposable plates, cups and picnic blanket.
#Person1#: All set. May, can you help me take all these things to the living room?
#Person2#: Yes, madam.
#Person1#: Ask Daniel to give you a hand?
#Person2#: No, mom, I can manage it by myself. His help just causes more trouble.",May is helping her mother to do some preparation for the picnic.,preparing the picnic,"#Person1# is helping #Person2# prepare for the picnic by checking the weather report and asking for help with sandwiches, fruit salad, crackers, napkins, plates, cups, and a picnic blanket. #Person2# is not interested in helping and is not willing to do any of the tasks. #Person1# is trying to help #Person2# by taking care of the","#Person1#: May, do you mind helping me prepare for the picnic? His help just causes more trouble."
test_26_2,"#Person1#: May, do you mind helping me prepare for the picnic?
#Person2#: Sure. Have you checked the weather report?
#Person1#: Yes. It says it will be sunny all day. No sign of rain at all. This is your father's favorite sausage. Sandwiches for you and Daniel.
#Person2#: No, thanks Mom. I'd like some toast and chicken wings.
#Person1#: Okay. Please take some fruit salad and crackers for me.
#Person2#: Done. Oh, don't forget to take napkins disposable plates, cups and picnic blanket.
#Person1#: All set. May, can you help me take all these things to the living room?
#Person2#: Yes, madam.
#Person1#: Ask Daniel to give you a hand?
#Person2#: No, mom, I can manage it by myself. His help just causes more trouble.",May's mother asks May for help in preparing for a picnic. May gives her a hand.,picnic preparation,"#Person1# is helping #Person2# prepare for the picnic by checking the weather report and asking for help with sandwiches, fruit salad, crackers, napkins, plates, cups, and a picnic blanket. #Person2# is not interested in helping and is not willing to do any of the tasks. #Person1# is trying to help #Person2# by taking care of the","#Person1#: May, do you mind helping me prepare for the picnic? His help just causes more trouble."
test_26_3,"#Person1#: May, do you mind helping me prepare for the picnic?
#Person2#: Sure. Have you checked the weather report?
#Person1#: Yes. It says it will be sunny all day. No sign of rain at all. This is your father's favorite sausage. Sandwiches for you and Daniel.
#Person2#: No, thanks Mom. I'd like some toast and chicken wings.
#Person1#: Okay. Please take some fruit salad and crackers for me.
#Person2#: Done. Oh, don't forget to take napkins disposable plates, cups and picnic blanket.
#Person1#: All set. May, can you help me take all these things to the living room?
#Person2#: Yes, madam.
#Person1#: Ask Daniel to give you a hand?
#Person2#: No, mom, I can manage it by myself. His help just causes more trouble.",Mom asks May to help to prepare for the picnic and May agrees.,picnic preparing,"#Person1# is helping #Person2# prepare for the picnic by checking the weather report and asking for help with sandwiches, fruit salad, crackers, napkins, plates, cups, and a picnic blanket. #Person2# is not interested in helping and is not willing to do any of the tasks. #Person1# is trying to help #Person2# by taking care of the","#Person1#: May, do you mind helping me prepare for the picnic? His help just causes more trouble."
test_27_1,"#Person1#: Hello, are you Muriel Douglas?
#Person2#: Yes, and you must be James. It's nice to meet you at long last.
#Person1#: Yes, you too. Thanks for agreeing to meet with us about the new account. My associate, Susan Kim, should be here any minute. Would you like something to drink while we're waiting?
#Person2#: No, thanks. I'm fine. Did you have a nice holiday?
#Person1#: Yes, I did. My family and I went to Tahoe to ski and the weather was great. How about you?
#Person2#: I stayed in L. A. and it was sunny the entire weekend. We spent most of the time at home but we did go see King Kong on Christmas day.
#Person1#: How did you like it?
#Person2#: It was better than I expected. But, you know, I think I would have enjoyed skiing in Tahoe even better. Do you go there often?
#Person1#: No, not much. My wife doesn't like to ski. She prefers vacationing where it's warmer, like Hawaii.
#Person2#: I don't blame her. I really enjoyed it there when we went a few years ago. I'd like to go back sometime soon.
#Person1#: Yes, me too. Oh, here's Susan now. Let me introduce you.",Muriel Douglas and James meet each other and talk about what they have done during the holiday.,a nice holiday,Muriel Douglas and James are meeting for a brief conversation. They are both from the same city and are discussing their holiday plans. Susan Kim is also present and is bringing James' wife to the meeting. They are discussing their holiday plans and plans to go skiing in Tahoe. They are also discussing their plans to go back to Hawaii. They are all excited to meet and have a conversation. They,"#Person1#: Hello, are you Muriel Douglas? Let me introduce you."
test_27_2,"#Person1#: Hello, are you Muriel Douglas?
#Person2#: Yes, and you must be James. It's nice to meet you at long last.
#Person1#: Yes, you too. Thanks for agreeing to meet with us about the new account. My associate, Susan Kim, should be here any minute. Would you like something to drink while we're waiting?
#Person2#: No, thanks. I'm fine. Did you have a nice holiday?
#Person1#: Yes, I did. My family and I went to Tahoe to ski and the weather was great. How about you?
#Person2#: I stayed in L. A. and it was sunny the entire weekend. We spent most of the time at home but we did go see King Kong on Christmas day.
#Person1#: How did you like it?
#Person2#: It was better than I expected. But, you know, I think I would have enjoyed skiing in Tahoe even better. Do you go there often?
#Person1#: No, not much. My wife doesn't like to ski. She prefers vacationing where it's warmer, like Hawaii.
#Person2#: I don't blame her. I really enjoyed it there when we went a few years ago. I'd like to go back sometime soon.
#Person1#: Yes, me too. Oh, here's Susan now. Let me introduce you.","James and Muriel are talking while waiting for Susan, Muriel's associate. They talk about how they spent the holiday with their families.",holiday,Muriel Douglas and James are meeting for a brief conversation. They are both from the same city and are discussing their holiday plans. Susan Kim is also present and is bringing James' wife to the meeting. They are discussing their holiday plans and plans to go skiing in Tahoe. They are also discussing their plans to go back to Hawaii. They are all excited to meet and have a conversation. They,"#Person1#: Hello, are you Muriel Douglas? Let me introduce you."
test_27_3,"#Person1#: Hello, are you Muriel Douglas?
#Person2#: Yes, and you must be James. It's nice to meet you at long last.
#Person1#: Yes, you too. Thanks for agreeing to meet with us about the new account. My associate, Susan Kim, should be here any minute. Would you like something to drink while we're waiting?
#Person2#: No, thanks. I'm fine. Did you have a nice holiday?
#Person1#: Yes, I did. My family and I went to Tahoe to ski and the weather was great. How about you?
#Person2#: I stayed in L. A. and it was sunny the entire weekend. We spent most of the time at home but we did go see King Kong on Christmas day.
#Person1#: How did you like it?
#Person2#: It was better than I expected. But, you know, I think I would have enjoyed skiing in Tahoe even better. Do you go there often?
#Person1#: No, not much. My wife doesn't like to ski. She prefers vacationing where it's warmer, like Hawaii.
#Person2#: I don't blame her. I really enjoyed it there when we went a few years ago. I'd like to go back sometime soon.
#Person1#: Yes, me too. Oh, here's Susan now. Let me introduce you.","Muriel Douglas and James send greetings and talk about their holiday before the meeting. Douglas stayed in L.A., while James went to Tahoe.",social meeting,Muriel Douglas and James are meeting for a brief conversation. They are both from the same city and are discussing their holiday plans. Susan Kim is also present and is bringing James' wife to the meeting. They are discussing their holiday plans and plans to go skiing in Tahoe. They are also discussing their plans to go back to Hawaii. They are all excited to meet and have a conversation. They,"#Person1#: Hello, are you Muriel Douglas? Let me introduce you."
test_28_1,"#Person1#: Stupid girl, making me spend so much money, now I have to get it from the ATM...
#Person2#: Hello, welcome to Universal Bank. Please insert your card into the slot.
#Person1#: I know where to put my card! Stupid machine, talking to me like I ' m an idiot...
#Person2#: Please input your 6 digit PIN code followed by the pound key. Thank you. Please select an option. Thank you. You have selected withdrawal.
#Person1#: Yeah, yeah, I know what I selected. Just gimme my money!
#Person2#: Please type the amount you would like to withdraw. Thank you, you want to transfer 10000 USD to the World Wildlife Foundation. If this is correct please press 1.
#Person1#: No, no! Stupid machine, what are you doing! No!
#Person2#: Confirmed. Thank you for using our bank! Please remove your card from the slot. Goodbye!
#Person1#: No, no way! What happened? Give me my money!
#Person2#: Danger, danger! The exits have been sealed and the doors will remain locked in until the local authorities arrive. Thank you for using our bank. Have a nice day.","#Person1# wants to withdraw money from an ATM, but the ATM automatically transfers 10000 USD to the World Wildlife Foundation after confirming the withdrawal option. #Person1# gets mad and somehow locked in.",withdrawal trouble,"A woman is upset with a bank because she has to spend a lot of money on a withdrawal. The bank employee tries to help her by inserting her card into the ATM and asking for her PIN code. The woman is confused and upset, but the bank employee tries to explain that the machine is talking to her like she is an idiot. The woman is angry and refuses to give her money, but","#Person1#: Stupid girl, making me spend so much money, now I have to get it from the ATM... Have a nice day."
test_28_2,"#Person1#: Stupid girl, making me spend so much money, now I have to get it from the ATM...
#Person2#: Hello, welcome to Universal Bank. Please insert your card into the slot.
#Person1#: I know where to put my card! Stupid machine, talking to me like I ' m an idiot...
#Person2#: Please input your 6 digit PIN code followed by the pound key. Thank you. Please select an option. Thank you. You have selected withdrawal.
#Person1#: Yeah, yeah, I know what I selected. Just gimme my money!
#Person2#: Please type the amount you would like to withdraw. Thank you, you want to transfer 10000 USD to the World Wildlife Foundation. If this is correct please press 1.
#Person1#: No, no! Stupid machine, what are you doing! No!
#Person2#: Confirmed. Thank you for using our bank! Please remove your card from the slot. Goodbye!
#Person1#: No, no way! What happened? Give me my money!
#Person2#: Danger, danger! The exits have been sealed and the doors will remain locked in until the local authorities arrive. Thank you for using our bank. Have a nice day.","#Person1# run out of money because of a girl, and is withdrawing money from an ATM. But the ATM seems to go wrong and transfers #Person1#'s money to the World Wildlife Foundation, driving #Person1# crazy.",ATM accident,"A woman is upset with a bank because she has to spend a lot of money on a withdrawal. The bank employee tries to help her by inserting her card into the ATM and asking for her PIN code. The woman is confused and upset, but the bank employee tries to explain that the machine is talking to her like she is an idiot. The woman is angry and refuses to give her money, but","#Person1#: Stupid girl, making me spend so much money, now I have to get it from the ATM... Have a nice day."
test_28_3,"#Person1#: Stupid girl, making me spend so much money, now I have to get it from the ATM...
#Person2#: Hello, welcome to Universal Bank. Please insert your card into the slot.
#Person1#: I know where to put my card! Stupid machine, talking to me like I ' m an idiot...
#Person2#: Please input your 6 digit PIN code followed by the pound key. Thank you. Please select an option. Thank you. You have selected withdrawal.
#Person1#: Yeah, yeah, I know what I selected. Just gimme my money!
#Person2#: Please type the amount you would like to withdraw. Thank you, you want to transfer 10000 USD to the World Wildlife Foundation. If this is correct please press 1.
#Person1#: No, no! Stupid machine, what are you doing! No!
#Person2#: Confirmed. Thank you for using our bank! Please remove your card from the slot. Goodbye!
#Person1#: No, no way! What happened? Give me my money!
#Person2#: Danger, danger! The exits have been sealed and the doors will remain locked in until the local authorities arrive. Thank you for using our bank. Have a nice day.",#Person1# is withdrawing money from an ATM. But the ATM wrongly transfers #Person1#'s money to the World Wildlife Foundation. It drives #Person1# crazy.,ATM accident,"A woman is upset with a bank because she has to spend a lot of money on a withdrawal. The bank employee tries to help her by inserting her card into the ATM and asking for her PIN code. The woman is confused and upset, but the bank employee tries to explain that the machine is talking to her like she is an idiot. The woman is angry and refuses to give her money, but","#Person1#: Stupid girl, making me spend so much money, now I have to get it from the ATM... Have a nice day."
test_29_1,"#Person1#: Are you a social person?
#Person2#: Yes, I am an outgoing person who likes to be with a lot of friends.
#Person1#: What is your strategy in communicating with colleagues?
#Person2#: Well, the most important thing in communication is your sincerity.",#Person2# tells #Person1# #Person2#'s communication strategy.,communication strategy,"#Person1# asks #Person2# if they are a social person, and #Person2# responds affirmatively. #Person1# inquires about #Person2#'s strategy for communicating with colleagues, and #Person2# shares that the most important aspect of communication is sincerity. #Person1# concludes by asking #Person2# about their strategy for communicating with colleagues. #","#Person1#: Are you a social person? #Person2#: Well, the most important thing in communication is your sincerity."
test_29_2,"#Person1#: Are you a social person?
#Person2#: Yes, I am an outgoing person who likes to be with a lot of friends.
#Person1#: What is your strategy in communicating with colleagues?
#Person2#: Well, the most important thing in communication is your sincerity.","Since #Person2# is very social, #Person1# asks for the communication strategy.",social skill,"#Person1# asks #Person2# if they are a social person, and #Person2# responds affirmatively. #Person1# inquires about #Person2#'s strategy for communicating with colleagues, and #Person2# shares that the most important aspect of communication is sincerity. #Person1# concludes by asking #Person2# about their strategy for communicating with colleagues. #","#Person1#: Are you a social person? #Person2#: Well, the most important thing in communication is your sincerity."
test_29_3,"#Person1#: Are you a social person?
#Person2#: Yes, I am an outgoing person who likes to be with a lot of friends.
#Person1#: What is your strategy in communicating with colleagues?
#Person2#: Well, the most important thing in communication is your sincerity.",#Person2# shares #Person2#'s communication strategy with #Person1#.,communication strategy,"#Person1# asks #Person2# if they are a social person, and #Person2# responds affirmatively. #Person1# inquires about #Person2#'s strategy for communicating with colleagues, and #Person2# shares that the most important aspect of communication is sincerity. #Person1# concludes by asking #Person2# about their strategy for communicating with colleagues. #","#Person1#: Are you a social person? #Person2#: Well, the most important thing in communication is your sincerity."
test_30_1,"#Person1#: What's wrong with you, Mr. Polly?
#Person2#: What's wrong? I want a break from this horrible job.
#Person1#: Then, buy a bottle of soft drink.
#Person2#: Would you like to buy a bottle for me in the shop?
#Person1#: It's a problem, because my boss is in that shop now.
#Person2#: Ok, I will go there myself.
#Person1#: Sorry, Mr. Polly.
#Person2#: It doesn't matter. Oh, God, I have only four dollars in my wallet. Is that possible for me to buy one?
#Person1#: Have a try.",Mr. Polly is tired and wants a break from work. #Person1# cannot buy a bottle of soft drink for him.,break from job,Mr. Polly is upset with #Person2# because he is working in a bad job. #Person2# offers to buy a bottle of soft drink for #Person1# to use as a break. #Person1# is upset with #Person2# because he is not willing to buy a bottle of soft drink. #Person2# agrees to buy a bottle of soft drink for #,"#Person1#: What's wrong with you, Mr. #Person1#: Have a try."
test_30_2,"#Person1#: What's wrong with you, Mr. Polly?
#Person2#: What's wrong? I want a break from this horrible job.
#Person1#: Then, buy a bottle of soft drink.
#Person2#: Would you like to buy a bottle for me in the shop?
#Person1#: It's a problem, because my boss is in that shop now.
#Person2#: Ok, I will go there myself.
#Person1#: Sorry, Mr. Polly.
#Person2#: It doesn't matter. Oh, God, I have only four dollars in my wallet. Is that possible for me to buy one?
#Person1#: Have a try.","Mr. Polly wants to get a break from work and he asks #Person1# to buy a drink for him, but #Person1# refuses.",take a break,Mr. Polly is upset with #Person2# because he is working in a bad job. #Person2# offers to buy a bottle of soft drink for #Person1# to use as a break. #Person1# is upset with #Person2# because he is not willing to buy a bottle of soft drink. #Person2# agrees to buy a bottle of soft drink for #,"#Person1#: What's wrong with you, Mr. #Person1#: Have a try."
test_30_3,"#Person1#: What's wrong with you, Mr. Polly?
#Person2#: What's wrong? I want a break from this horrible job.
#Person1#: Then, buy a bottle of soft drink.
#Person2#: Would you like to buy a bottle for me in the shop?
#Person1#: It's a problem, because my boss is in that shop now.
#Person2#: Ok, I will go there myself.
#Person1#: Sorry, Mr. Polly.
#Person2#: It doesn't matter. Oh, God, I have only four dollars in my wallet. Is that possible for me to buy one?
#Person1#: Have a try.","Mr. Polly asks #Person1#'s help to buy a drink, but #Person1# refuses.",buy a drink,Mr. Polly is upset with #Person2# because he is working in a bad job. #Person2# offers to buy a bottle of soft drink for #Person1# to use as a break. #Person1# is upset with #Person2# because he is not willing to buy a bottle of soft drink. #Person2# agrees to buy a bottle of soft drink for #,"#Person1#: What's wrong with you, Mr. #Person1#: Have a try."
test_31_1,"#Person1#: Hello, this is Francis.
#Person2#: Hi, this is Monica. I was wondering when we can work on this financial report.
#Person1#: Today, I am busy all day long.
#Person2#: Shall I see you on Friday morning?
#Person1#: That's not good for me at all. It'll have to be another time.
#Person2#: We must find some time to read report.
#Person1#: I know. I am available from 1 PM to 4 PM on Friday afternoon.
#Person2#: That's all right. Then see you on Friday afternoon.
#Person1#: See you.",Francis and Monica are discussing when to work on the financial report.,decide the time,Francis and Monica are discussing the financial report. Francis is busy all day and Monica suggests they meet on Friday afternoon to read the report. Francis agrees and agrees to meet on Friday afternoon. Monica is available from 1 PM to 4 PM on Friday afternoon. Francis is available from 1 PM to 4 PM on Friday afternoon. Francis and Monica are discussing the financial report. Francis is busy all,"#Person1#: Hello, this is Francis. #Person1#: See you."
test_31_2,"#Person1#: Hello, this is Francis.
#Person2#: Hi, this is Monica. I was wondering when we can work on this financial report.
#Person1#: Today, I am busy all day long.
#Person2#: Shall I see you on Friday morning?
#Person1#: That's not good for me at all. It'll have to be another time.
#Person2#: We must find some time to read report.
#Person1#: I know. I am available from 1 PM to 4 PM on Friday afternoon.
#Person2#: That's all right. Then see you on Friday afternoon.
#Person1#: See you.",Francis and Monica manage to find time to work on a report together.,peer work,Francis and Monica are discussing the financial report. Francis is busy all day and Monica suggests they meet on Friday afternoon to read the report. Francis agrees and agrees to meet on Friday afternoon. Monica is available from 1 PM to 4 PM on Friday afternoon. Francis is available from 1 PM to 4 PM on Friday afternoon. Francis and Monica are discussing the financial report. Francis is busy all,"#Person1#: Hello, this is Francis. #Person1#: See you."
test_31_3,"#Person1#: Hello, this is Francis.
#Person2#: Hi, this is Monica. I was wondering when we can work on this financial report.
#Person1#: Today, I am busy all day long.
#Person2#: Shall I see you on Friday morning?
#Person1#: That's not good for me at all. It'll have to be another time.
#Person2#: We must find some time to read report.
#Person1#: I know. I am available from 1 PM to 4 PM on Friday afternoon.
#Person2#: That's all right. Then see you on Friday afternoon.
#Person1#: See you.",Francis and Monica negotiate on the time to work on the report.,schedule making,Francis and Monica are discussing the financial report. Francis is busy all day and Monica suggests they meet on Friday afternoon to read the report. Francis agrees and agrees to meet on Friday afternoon. Monica is available from 1 PM to 4 PM on Friday afternoon. Francis is available from 1 PM to 4 PM on Friday afternoon. Francis and Monica are discussing the financial report. Francis is busy all,"#Person1#: Hello, this is Francis. #Person1#: See you."
test_32_1,"#Person1#: Is this the workshop to prepare for an interview?
#Person2#: This is the interview class. Welcome to our class.
#Person1#: I am really excited to be taking this workshop so that I can get ready for my interview next week.
#Person2#: We are all learning things that will help us in our interview. What do you think are some important considerations going into your interview?
#Person1#: I think that we should dress neatly and appropriately.
#Person2#: Yes. Second, as you can imagine, attitude and friendliness go a long way.
#Person1#: Yes, and I always feel much better when I am friendly.
#Person2#: Believe it or not, the interviewers are as interested in your questions as they are in your answers.
#Person1#: Any more hints as to what I should do in an interview?
#Person2#: Always be honest with your answers. The interviewers really do want to know if you will be a good fit for them.",#Person1# joins #Person2#'s interview workshop. They discuss the tips to improve their interview performance.,interview workshop,"#Person1# is excited to attend the interview class and is looking forward to preparing for her upcoming interview. #Person2# is interested in learning about the interview process and is impressed by the class. #Person1# suggests dressing neatly and appropriately, and #Person2# agrees. #Person1# also suggests being friendly and believes that the interviewers are interested in her answers. #Person",#Person1#: Is this the workshop to prepare for an interview? The interviewers really do want to know if you will be a good fit for them.
test_32_2,"#Person1#: Is this the workshop to prepare for an interview?
#Person2#: This is the interview class. Welcome to our class.
#Person1#: I am really excited to be taking this workshop so that I can get ready for my interview next week.
#Person2#: We are all learning things that will help us in our interview. What do you think are some important considerations going into your interview?
#Person1#: I think that we should dress neatly and appropriately.
#Person2#: Yes. Second, as you can imagine, attitude and friendliness go a long way.
#Person1#: Yes, and I always feel much better when I am friendly.
#Person2#: Believe it or not, the interviewers are as interested in your questions as they are in your answers.
#Person1#: Any more hints as to what I should do in an interview?
#Person2#: Always be honest with your answers. The interviewers really do want to know if you will be a good fit for them.",#Person1# takes an interview workshop. #Person2# offer #Person1# some useful tips on getting ready for an interview.,interview preparation,"#Person1# is excited to attend the interview class and is looking forward to preparing for her upcoming interview. #Person2# is interested in learning about the interview process and is impressed by the class. #Person1# suggests dressing neatly and appropriately, and #Person2# agrees. #Person1# also suggests being friendly and believes that the interviewers are interested in her answers. #Person",#Person1#: Is this the workshop to prepare for an interview? The interviewers really do want to know if you will be a good fit for them.
test_32_3,"#Person1#: Is this the workshop to prepare for an interview?
#Person2#: This is the interview class. Welcome to our class.
#Person1#: I am really excited to be taking this workshop so that I can get ready for my interview next week.
#Person2#: We are all learning things that will help us in our interview. What do you think are some important considerations going into your interview?
#Person1#: I think that we should dress neatly and appropriately.
#Person2#: Yes. Second, as you can imagine, attitude and friendliness go a long way.
#Person1#: Yes, and I always feel much better when I am friendly.
#Person2#: Believe it or not, the interviewers are as interested in your questions as they are in your answers.
#Person1#: Any more hints as to what I should do in an interview?
#Person2#: Always be honest with your answers. The interviewers really do want to know if you will be a good fit for them.","In the workshop, #Person2# offer #Person1# some suggestions on how to perform well in interviews.",interview workshop,"#Person1# is excited to attend the interview class and is looking forward to preparing for her upcoming interview. #Person2# is interested in learning about the interview process and is impressed by the class. #Person1# suggests dressing neatly and appropriately, and #Person2# agrees. #Person1# also suggests being friendly and believes that the interviewers are interested in her answers. #Person",#Person1#: Is this the workshop to prepare for an interview? The interviewers really do want to know if you will be a good fit for them.
test_33_1,"#Person1#: OK, that's a cut! Let's start from the beginning, everyone.
#Person2#: What was the problem that time?
#Person1#: The feeling was all wrong, Mike. She is telling you that she doesn't want to see you any more, but I want to get more anger from you. You're acting hurt and sad, but that's not how your character would act in this situation.
#Person2#: But Jason and Laura have been together for three years. Don't you think his reaction would be one of both anger and sadness?
#Person1#: At this point, no. I think he would react the way most guys would, and then later on, we would see his real feelings.
#Person2#: I'm not so sure about that.
#Person1#: Let's try it my way, and you can see how you feel when you're saying your lines. After that, if it still doesn't feel right, we can try something else.",#Person1# and Mike are discussing what kind of emotion should be expressed by Mike in this play. They have different understandings.,actor's feelings,"The two characters are discussing a situation where one person is feeling hurt and sad, while the other person is acting hurt and sad. The first character suggests that the person acting hurt and sad is not how their character would act in the situation, and that the other person's reaction would be more like most guys' reaction. The second character disagrees with this suggestion, saying that the person acting hurt and sad","#Person1#: OK, that's a cut! After that, if it still doesn't feel right, we can try something else."
