id,dialogue,summary,topic,qwen_lora_summary
test_0_1,"#Person1#: Ms. Dawson, I need you to take a dictation for me.
#Person2#: Yes, sir...
#Person1#: This should go out as an intra-office memorandum to all employees by this afternoon. Are you ready?
#Person2#: Yes, sir. Go ahead.
#Person1#: Attention all staff... Effective immediately, all office communications are restricted to email correspondence and official memos. The use of Instant Message programs by employees during working hours is strictly prohibited.
#Person2#: Sir, does this apply to intra-office communications only? Or will it also restrict external communications?
#Person1#: It should apply to all communications, not only in this office between employees, but also any outside communications.
#Person2#: But sir, many employees use Instant Messaging to communicate with their clients.
#Person1#: They will just have to change their communication methods. I don't want any - one using Instant Messaging in this office. It wastes too much time! Now, please continue with the memo. Where were we?
#Person2#: This applies to internal and external communications.
#Person1#: Yes. Any employee who persists in using Instant Messaging will first receive a warning and be placed on probation. At second offense, the employee will face termination. Any questions regarding this new policy may be directed to department heads.
#Person2#: Is that all?
#Person1#: Yes. Please get this memo typed up and distributed to all employees before 4 pm.",Ms. Dawson helps #Person1# to write a memo to inform every employee that they have to change the communication method and should not use Instant Messaging anymore.,communication method,#Person1# asks Ms. Dawson to take a dictation for her. Ms. Dawson tells #Person1# that she needs to take a dictation for her and that it should go out as an intra-office memorandum to all employees by this afternoon. #Person1# asks Ms. Dawson if it applies to intra-office communications only or to all communications. Ms. Dawson says it applies to
test_0_2,"#Person1#: Ms. Dawson, I need you to take a dictation for me.
#Person2#: Yes, sir...
#Person1#: This should go out as an intra-office memorandum to all employees by this afternoon. Are you ready?
#Person2#: Yes, sir. Go ahead.
#Person1#: Attention all staff... Effective immediately, all office communications are restricted to email correspondence and official memos. The use of Instant Message programs by employees during working hours is strictly prohibited.
#Person2#: Sir, does this apply to intra-office communications only? Or will it also restrict external communications?
#Person1#: It should apply to all communications, not only in this office between employees, but also any outside communications.
#Person2#: But sir, many employees use Instant Messaging to communicate with their clients.
#Person1#: They will just have to change their communication methods. I don't want any - one using Instant Messaging in this office. It wastes too much time! Now, please continue with the memo. Where were we?
#Person2#: This applies to internal and external communications.
#Person1#: Yes. Any employee who persists in using Instant Messaging will first receive a warning and be placed on probation. At second offense, the employee will face termination. Any questions regarding this new policy may be directed to department heads.
#Person2#: Is that all?
#Person1#: Yes. Please get this memo typed up and distributed to all employees before 4 pm.","In order to prevent employees from wasting time on Instant Message programs, #Person1# decides to terminate the use of those programs and asks Ms. Dawson to send out a memo to all employees by the afternoon.",company policy,#Person1# asks Ms. Dawson to take a dictation for her. Ms. Dawson tells #Person1# that she needs to take a dictation for her and that it should go out as an intra-office memorandum to all employees by this afternoon. #Person1# asks Ms. Dawson if it applies to intra-office communications only or to all communications. Ms. Dawson says it applies to
test_0_3,"#Person1#: Ms. Dawson, I need you to take a dictation for me.
#Person2#: Yes, sir...
#Person1#: This should go out as an intra-office memorandum to all employees by this afternoon. Are you ready?
#Person2#: Yes, sir. Go ahead.
#Person1#: Attention all staff... Effective immediately, all office communications are restricted to email correspondence and official memos. The use of Instant Message programs by employees during working hours is strictly prohibited.
#Person2#: Sir, does this apply to intra-office communications only? Or will it also restrict external communications?
#Person1#: It should apply to all communications, not only in this office between employees, but also any outside communications.
#Person2#: But sir, many employees use Instant Messaging to communicate with their clients.
#Person1#: They will just have to change their communication methods. I don't want any - one using Instant Messaging in this office. It wastes too much time! Now, please continue with the memo. Where were we?
#Person2#: This applies to internal and external communications.
#Person1#: Yes. Any employee who persists in using Instant Messaging will first receive a warning and be placed on probation. At second offense, the employee will face termination. Any questions regarding this new policy may be directed to department heads.
#Person2#: Is that all?
#Person1#: Yes. Please get this memo typed up and distributed to all employees before 4 pm.",Ms. Dawson takes a dictation for #Person1# about prohibiting the use of Instant Message programs in the office. They argue about its reasonability but #Person1# still insists.,dictation,#Person1# asks Ms. Dawson to take a dictation for her. Ms. Dawson tells #Person1# that she needs to take a dictation for her and that it should go out as an intra-office memorandum to all employees by this afternoon. #Person1# asks Ms. Dawson if it applies to intra-office communications only or to all communications. Ms. Dawson says it applies to
test_1_1,"#Person1#: You're finally here! What took so long?
#Person2#: I got stuck in traffic again. There was a terrible traffic jam near the Carrefour intersection.
#Person1#: It's always rather congested down there during rush hour. Maybe you should try to find a different route to get home.
#Person2#: I don't think it can be avoided, to be honest.
#Person1#: perhaps it would be better if you started taking public transport system to work.
#Person2#: I think it's something that I'll have to consider. The public transport system is pretty good.
#Person1#: It would be better for the environment, too.
#Person2#: I know. I feel bad about how much my car is adding to the pollution problem in this city.
#Person1#: Taking the subway would be a lot less stressful than driving as well.
#Person2#: The only problem is that I'm going to really miss having the freedom that you have with a car.
#Person1#: Well, when it's nicer outside, you can start biking to work. That will give you just as much freedom as your car usually provides.
#Person2#: That's true. I could certainly use the exercise!
#Person1#: So, are you going to quit driving to work then?
#Person2#: Yes, it's not good for me or for the environment.",#Person2# arrives late because of traffic jam. #Person1# persuades #Person2# to use public transportations to keep healthy and to protect the environment.,public transportation,#Person2# gets stuck in traffic and decides to take public transport instead of driving. #Person1# suggests biking to work. #Person2# agrees. #Person1# encourages #Person2# to quit driving. #Person2# agrees. #Person1# encourages #Person2# to quit driving. #Person2# agrees. #Person1# encourages #Person2#
test_1_2,"#Person1#: You're finally here! What took so long?
#Person2#: I got stuck in traffic again. There was a terrible traffic jam near the Carrefour intersection.
#Person1#: It's always rather congested down there during rush hour. Maybe you should try to find a different route to get home.
#Person2#: I don't think it can be avoided, to be honest.
#Person1#: perhaps it would be better if you started taking public transport system to work.
#Person2#: I think it's something that I'll have to consider. The public transport system is pretty good.
#Person1#: It would be better for the environment, too.
#Person2#: I know. I feel bad about how much my car is adding to the pollution problem in this city.
#Person1#: Taking the subway would be a lot less stressful than driving as well.
#Person2#: The only problem is that I'm going to really miss having the freedom that you have with a car.
#Person1#: Well, when it's nicer outside, you can start biking to work. That will give you just as much freedom as your car usually provides.
#Person2#: That's true. I could certainly use the exercise!
#Person1#: So, are you going to quit driving to work then?
#Person2#: Yes, it's not good for me or for the environment.",#Person2# decides to follow #Person1#'s suggestions on quitting driving to work and will try to use public transportations.,transportation,#Person2# gets stuck in traffic and decides to take public transport instead of driving. #Person1# suggests biking to work. #Person2# agrees. #Person1# encourages #Person2# to quit driving. #Person2# agrees. #Person1# encourages #Person2# to quit driving. #Person2# agrees. #Person1# encourages #Person2#
test_1_3,"#Person1#: You're finally here! What took so long?
#Person2#: I got stuck in traffic again. There was a terrible traffic jam near the Carrefour intersection.
#Person1#: It's always rather congested down there during rush hour. Maybe you should try to find a different route to get home.
#Person2#: I don't think it can be avoided, to be honest.
#Person1#: perhaps it would be better if you started taking public transport system to work.
#Person2#: I think it's something that I'll have to consider. The public transport system is pretty good.
#Person1#: It would be better for the environment, too.
#Person2#: I know. I feel bad about how much my car is adding to the pollution problem in this city.
#Person1#: Taking the subway would be a lot less stressful than driving as well.
#Person2#: The only problem is that I'm going to really miss having the freedom that you have with a car.
#Person1#: Well, when it's nicer outside, you can start biking to work. That will give you just as much freedom as your car usually provides.
#Person2#: That's true. I could certainly use the exercise!
#Person1#: So, are you going to quit driving to work then?
#Person2#: Yes, it's not good for me or for the environment.","#Person2# complains to #Person1# about the traffic jam, #Person1# suggests quitting driving and taking public transportation instead.",discuss transportation,#Person2# gets stuck in traffic and decides to take public transport instead of driving. #Person1# suggests biking to work. #Person2# agrees. #Person1# encourages #Person2# to quit driving. #Person2# agrees. #Person1# encourages #Person2# to quit driving. #Person2# agrees. #Person1# encourages #Person2#
test_2_1,"#Person1#: Kate, you never believe what's happened.
#Person2#: What do you mean?
#Person1#: Masha and Hero are getting divorced.
#Person2#: You are kidding. What happened?
#Person1#: Well, I don't really know, but I heard that they are having a separation for 2 months, and filed for divorce.
#Person2#: That's really surprising. I always thought they are well matched. What about the kids? Who get custody?
#Person1#: Masha, it seems quiet and makable, no quarrelling about who get the house and stock and then contesting the divorce with other details worked out.
#Person2#: That's the change from all the back stepping we usually hear about. Well, I still can't believe it, Masha and Hero, the perfect couple. When would they divorce be final?
#Person1#: Early in the New Year I guess.",#Person1# tells Kate that Masha and Hero get divorced. Kate is surprised because she thought they are perfect couple.,divorce,#Person1# tells Kate that Masha and Hero are getting divorced. They have been married for 2 months and filed for divorce. Kate is surprised because she thinks they are well matched. #Person1# says that when will they divorce be final? Kate doesn't believe it. #Person1# suggests early in the New Year. #Person2# asks why Kate doesn't believe it
test_2_2,"#Person1#: Kate, you never believe what's happened.
#Person2#: What do you mean?
#Person1#: Masha and Hero are getting divorced.
#Person2#: You are kidding. What happened?
#Person1#: Well, I don't really know, but I heard that they are having a separation for 2 months, and filed for divorce.
#Person2#: That's really surprising. I always thought they are well matched. What about the kids? Who get custody?
#Person1#: Masha, it seems quiet and makable, no quarrelling about who get the house and stock and then contesting the divorce with other details worked out.
#Person2#: That's the change from all the back stepping we usually hear about. Well, I still can't believe it, Masha and Hero, the perfect couple. When would they divorce be final?
#Person1#: Early in the New Year I guess.",#Person1# tells Kate that Masha and Hero are getting a peaceful divorce. Kate feels surprised and asks about their kids.,divorce,#Person1# tells Kate that Masha and Hero are getting divorced. They have been married for 2 months and filed for divorce. Kate is surprised because she thinks they are well matched. #Person1# says that when will they divorce be final? Kate doesn't believe it. #Person1# suggests early in the New Year. #Person2# asks why Kate doesn't believe it
test_2_3,"#Person1#: Kate, you never believe what's happened.
#Person2#: What do you mean?
#Person1#: Masha and Hero are getting divorced.
#Person2#: You are kidding. What happened?
#Person1#: Well, I don't really know, but I heard that they are having a separation for 2 months, and filed for divorce.
#Person2#: That's really surprising. I always thought they are well matched. What about the kids? Who get custody?
#Person1#: Masha, it seems quiet and makable, no quarrelling about who get the house and stock and then contesting the divorce with other details worked out.
#Person2#: That's the change from all the back stepping we usually hear about. Well, I still can't believe it, Masha and Hero, the perfect couple. When would they divorce be final?
#Person1#: Early in the New Year I guess.",#Person1# and Kate talk about the divorce between Masha and Hero. Kate feels surprised because she thought they are well matched,discuss divorce,#Person1# tells Kate that Masha and Hero are getting divorced. They have been married for 2 months and filed for divorce. Kate is surprised because she thinks they are well matched. #Person1# says that when will they divorce be final? Kate doesn't believe it. #Person1# suggests early in the New Year. #Person2# asks why Kate doesn't believe it
test_3_1,"#Person1#: Happy Birthday, this is for you, Brian.
#Person2#: I'm so happy you remember, please come in and enjoy the party. Everyone's here, I'm sure you have a good time.
#Person1#: Brian, may I have a pleasure to have a dance with you?
#Person2#: Ok.
#Person1#: This is really wonderful party.
#Person2#: Yes, you are always popular with everyone. and you look very pretty today.
#Person1#: Thanks, that's very kind of you to say. I hope my necklace goes with my dress, and they both make me look good I feel.
#Person2#: You look great, you are absolutely glowing.
#Person1#: Thanks, this is a fine party. We should have a drink together to celebrate your birthday",#Person1# and Brian are at the birthday party of Brian. Brian thinks #Person1# looks great and is popular.,birthday party,#Person1# invites Brian to his party because he looks beautiful and Brian feels great about it. They decide to have a drink together after the party. #Person1# tells Brian that he will give him a necklace as a gift. #Person1# also tells Brian that he will invite Brian to his party next week. #Person1# asks Brian to have a dance with him. #
test_3_2,"#Person1#: Happy Birthday, this is for you, Brian.
#Person2#: I'm so happy you remember, please come in and enjoy the party. Everyone's here, I'm sure you have a good time.
#Person1#: Brian, may I have a pleasure to have a dance with you?
#Person2#: Ok.
#Person1#: This is really wonderful party.
#Person2#: Yes, you are always popular with everyone. and you look very pretty today.
#Person1#: Thanks, that's very kind of you to say. I hope my necklace goes with my dress, and they both make me look good I feel.
#Person2#: You look great, you are absolutely glowing.
#Person1#: Thanks, this is a fine party. We should have a drink together to celebrate your birthday",#Person1# attends Brian's birthday party. Brian thinks #Person1# looks great and charming.,birthday party,#Person1# invites Brian to his party because he looks beautiful and Brian feels great about it. They decide to have a drink together after the party. #Person1# tells Brian that he will give him a necklace as a gift. #Person1# also tells Brian that he will invite Brian to his party next week. #Person1# asks Brian to have a dance with him. #
test_3_3,"#Person1#: Happy Birthday, this is for you, Brian.
#Person2#: I'm so happy you remember, please come in and enjoy the party. Everyone's here, I'm sure you have a good time.
#Person1#: Brian, may I have a pleasure to have a dance with you?
#Person2#: Ok.
#Person1#: This is really wonderful party.
#Person2#: Yes, you are always popular with everyone. and you look very pretty today.
#Person1#: Thanks, that's very kind of you to say. I hope my necklace goes with my dress, and they both make me look good I feel.
#Person2#: You look great, you are absolutely glowing.
#Person1#: Thanks, this is a fine party. We should have a drink together to celebrate your birthday",#Person1# has a dance with Brian at Brian's birthday party. Brian thinks #Person1# looks great and is popular.,birthday party,#Person1# invites Brian to his party because he looks beautiful and Brian feels great about it. They decide to have a drink together after the party. #Person1# tells Brian that he will give him a necklace as a gift. #Person1# also tells Brian that he will invite Brian to his party next week. #Person1# asks Brian to have a dance with him. #
test_4_1,"#Person1#: This Olympic park is so big!
#Person2#: Yes. Now we are in the Olympic stadium, the center of this park.
#Person1#: Splendid! When is it gonna be finished?
#Person2#: The whole stadium is to be finished this June.
#Person1#: How many seats are there in the stand?
#Person2#: Oh, there are 5000 seats in total.
#Person1#: I didn ' t know it would be so big!
#Person2#: It is! Look there, those are the tracks. And the jumping pit is over there.
#Person1#: Ah... I see. Hey, look the sign here, No climbing.
#Person2#: We put many signs with English translations for foreign visitors.","#Person1# is surprised at the Olympic Stadium'volume, capacity and interior setting to #Person1#.",Olympic Stadium,"#Person1# and #Person2# talk about the Olympic Park. They find out that the whole stadium will be finished by June. #Person1# thinks it's too big. #Person2# tells them there are 5000 seats in total. #Person1# sees the sign and says ""No climbing"". #Person2# tells them they put many signs with English"
test_4_2,"#Person1#: This Olympic park is so big!
#Person2#: Yes. Now we are in the Olympic stadium, the center of this park.
#Person1#: Splendid! When is it gonna be finished?
#Person2#: The whole stadium is to be finished this June.
#Person1#: How many seats are there in the stand?
#Person2#: Oh, there are 5000 seats in total.
#Person1#: I didn ' t know it would be so big!
#Person2#: It is! Look there, those are the tracks. And the jumping pit is over there.
#Person1#: Ah... I see. Hey, look the sign here, No climbing.
#Person2#: We put many signs with English translations for foreign visitors.",#Person2# shows #Person1# around the constructing Olympic stadium and introduces the stadium.,sports stadium,"#Person1# and #Person2# talk about the Olympic Park. They find out that the whole stadium will be finished by June. #Person1# thinks it's too big. #Person2# tells them there are 5000 seats in total. #Person1# sees the sign and says ""No climbing"". #Person2# tells them they put many signs with English"
test_4_3,"#Person1#: This Olympic park is so big!
#Person2#: Yes. Now we are in the Olympic stadium, the center of this park.
#Person1#: Splendid! When is it gonna be finished?
#Person2#: The whole stadium is to be finished this June.
#Person1#: How many seats are there in the stand?
#Person2#: Oh, there are 5000 seats in total.
#Person1#: I didn ' t know it would be so big!
#Person2#: It is! Look there, those are the tracks. And the jumping pit is over there.
#Person1#: Ah... I see. Hey, look the sign here, No climbing.
#Person2#: We put many signs with English translations for foreign visitors.","#Person2# introduces the Olympic Stadium's finishing time, capacity and interior setting to #Person1#.",Olympic Stadium,"#Person1# and #Person2# talk about the Olympic Park. They find out that the whole stadium will be finished by June. #Person1# thinks it's too big. #Person2# tells them there are 5000 seats in total. #Person1# sees the sign and says ""No climbing"". #Person2# tells them they put many signs with English"
test_5_1,"#Person1#: I've had it! I am done working for a company that is taking me nowhere!
#Person2#: So what are you gonna do? Just quit?
#Person1#: That's exactly what I am going to do! I have decided to create my own company! I am going to write up a business plan, get some investors and start working for myself!
#Person2#: Have you ever written up a business plan before?
#Person1#: Well, no, it can't be that hard! I mean, all you have to do is explain your business, how you are going to do things and that's it, right?
#Person2#: You couldn't be more wrong! A well written business plan will include an executive summary which highlights the idea of the business in two pages or less. Then you need to describe your company with information such as what type of legal structure it has, history, etc.
#Person1#: Well, that seems easy enough.
#Person2#: Wait, there is more! Then you need to introduce and describe your goods or services. What they are and how they are different from competitors? Then comes the hard part, a market analysis. You need to investigate and analyze hundreds of variables! You need to take into consideration socioeconomic factors from GDP per capita to how many children on average the population has! All this information is useful so that you can move on to your strategy and implementation stage, where you will describe in detail how you will actually execute your idea.
#Person1#: Geez. Is that all?
#Person2#: Almost, the most important piece of information for your investors will be the financial analysis. Here you will calculate and estimate sales, cash flow and profits. After all, people will want to know when they will begin to see a return on their investment!
#Person1#: Umm. I think I ' ll just stick to my old job and save myself all the hassle of trying to start up a business!","#Person1# wants to create a company and is going to write a business plan. #Person2# gives #Person1# suggestions on how to summarise business ideas, describe the service, differ from competitors and attract investment in a good business plan. #Person1# decides to stick to the old job.",business plan,"#Person1# decides to start his own company by writing a business plan. He needs to explain his business, its goods/services, market analysis, financial analysis and then he needs to invest money to start the business. #Person2# thinks #Person1#'s plan is too complicated and difficult to follow. #Person1# agrees with #Person2#. #Person1# wants to save"
test_5_2,"#Person1#: I've had it! I am done working for a company that is taking me nowhere!
#Person2#: So what are you gonna do? Just quit?
#Person1#: That's exactly what I am going to do! I have decided to create my own company! I am going to write up a business plan, get some investors and start working for myself!
#Person2#: Have you ever written up a business plan before?
#Person1#: Well, no, it can't be that hard! I mean, all you have to do is explain your business, how you are going to do things and that's it, right?
#Person2#: You couldn't be more wrong! A well written business plan will include an executive summary which highlights the idea of the business in two pages or less. Then you need to describe your company with information such as what type of legal structure it has, history, etc.
#Person1#: Well, that seems easy enough.
#Person2#: Wait, there is more! Then you need to introduce and describe your goods or services. What they are and how they are different from competitors? Then comes the hard part, a market analysis. You need to investigate and analyze hundreds of variables! You need to take into consideration socioeconomic factors from GDP per capita to how many children on average the population has! All this information is useful so that you can move on to your strategy and implementation stage, where you will describe in detail how you will actually execute your idea.
#Person1#: Geez. Is that all?
#Person2#: Almost, the most important piece of information for your investors will be the financial analysis. Here you will calculate and estimate sales, cash flow and profits. After all, people will want to know when they will begin to see a return on their investment!
#Person1#: Umm. I think I ' ll just stick to my old job and save myself all the hassle of trying to start up a business!","#Person1# abandons the idea of creating a company after #Person2# explains what a business plan includes. #Person2# specifies that a well-written business plan includes an executive summary, goods and service description, strategy and implementation, and financial analysis.",business plan,"#Person1# decides to start his own company by writing a business plan. He needs to explain his business, its goods/services, market analysis, financial analysis and then he needs to invest money to start the business. #Person2# thinks #Person1#'s plan is too complicated and difficult to follow. #Person1# agrees with #Person2#. #Person1# wants to save"
test_5_3,"#Person1#: I've had it! I am done working for a company that is taking me nowhere!
#Person2#: So what are you gonna do? Just quit?
#Person1#: That's exactly what I am going to do! I have decided to create my own company! I am going to write up a business plan, get some investors and start working for myself!
#Person2#: Have you ever written up a business plan before?
#Person1#: Well, no, it can't be that hard! I mean, all you have to do is explain your business, how you are going to do things and that's it, right?
#Person2#: You couldn't be more wrong! A well written business plan will include an executive summary which highlights the idea of the business in two pages or less. Then you need to describe your company with information such as what type of legal structure it has, history, etc.
#Person1#: Well, that seems easy enough.
#Person2#: Wait, there is more! Then you need to introduce and describe your goods or services. What they are and how they are different from competitors? Then comes the hard part, a market analysis. You need to investigate and analyze hundreds of variables! You need to take into consideration socioeconomic factors from GDP per capita to how many children on average the population has! All this information is useful so that you can move on to your strategy and implementation stage, where you will describe in detail how you will actually execute your idea.
#Person1#: Geez. Is that all?
#Person2#: Almost, the most important piece of information for your investors will be the financial analysis. Here you will calculate and estimate sales, cash flow and profits. After all, people will want to know when they will begin to see a return on their investment!
#Person1#: Umm. I think I ' ll just stick to my old job and save myself all the hassle of trying to start up a business!","#Person1# wants to start #Person1#'s own business, but #Person2# warns #Person1# of the hassle. #Person2# tells #Person1# what is needed in a business plan and #Person1# decides to stick to the old job for now.",business plan,"#Person1# decides to start his own company by writing a business plan. He needs to explain his business, its goods/services, market analysis, financial analysis and then he needs to invest money to start the business. #Person2# thinks #Person1#'s plan is too complicated and difficult to follow. #Person1# agrees with #Person2#. #Person1# wants to save"
test_6_1,"#Person1#: What's wrong with you? Why are you scratching so much?
#Person2#: I feel itchy! I can't stand it anymore! I think I may be coming down with something. I feel lightheaded and weak.
#Person1#: Let me have a look. Whoa! Get away from me!
#Person2#: What's wrong?
#Person1#: I think you have chicken pox! You are contagious! Get away! Don't breathe on me!
#Person2#: Maybe it's just a rash or an allergy! We can't be sure until I see a doctor.
#Person1#: Well in the meantime you are a biohazard! I didn't get it when I was a kid and I've heard that you can even die if you get it as an adult!
#Person2#: Are you serious? You always blow things out of proportion. In any case, I think I'll go take an oatmeal bath.",#Person2# feels itchy. #Person1# doubts it is chicken pox and asks #Person2# to get away. #Person2# doesn't believe it.,chicken pox,#Person1# tells #Person2# she has chicken pox and #Person2# thinks she is contagious. #Person1# says #Person2# should not breathe on her. #Person1# warns #Person2# to take an oatmeal bath. #Person1# also tells #Person2# to go take an oatmeal bath. #Person1# tells #Person
test_6_2,"#Person1#: What's wrong with you? Why are you scratching so much?
#Person2#: I feel itchy! I can't stand it anymore! I think I may be coming down with something. I feel lightheaded and weak.
#Person1#: Let me have a look. Whoa! Get away from me!
#Person2#: What's wrong?
#Person1#: I think you have chicken pox! You are contagious! Get away! Don't breathe on me!
#Person2#: Maybe it's just a rash or an allergy! We can't be sure until I see a doctor.
#Person1#: Well in the meantime you are a biohazard! I didn't get it when I was a kid and I've heard that you can even die if you get it as an adult!
#Person2#: Are you serious? You always blow things out of proportion. In any case, I think I'll go take an oatmeal bath.",#Person1# suspects that #Person2# has chicken pox and wants to keep away from #Person2#. #Person2# thinks #Person1# is exaggerating.,contagious disease,#Person1# tells #Person2# she has chicken pox and #Person2# thinks she is contagious. #Person1# says #Person2# should not breathe on her. #Person1# warns #Person2# to take an oatmeal bath. #Person1# also tells #Person2# to go take an oatmeal bath. #Person1# tells #Person
test_6_3,"#Person1#: What's wrong with you? Why are you scratching so much?
#Person2#: I feel itchy! I can't stand it anymore! I think I may be coming down with something. I feel lightheaded and weak.
#Person1#: Let me have a look. Whoa! Get away from me!
#Person2#: What's wrong?
#Person1#: I think you have chicken pox! You are contagious! Get away! Don't breathe on me!
#Person2#: Maybe it's just a rash or an allergy! We can't be sure until I see a doctor.
#Person1#: Well in the meantime you are a biohazard! I didn't get it when I was a kid and I've heard that you can even die if you get it as an adult!
#Person2#: Are you serious? You always blow things out of proportion. In any case, I think I'll go take an oatmeal bath.",#Person1# thinks #Person2# has chicken pox and warns #Person2# about the possible hazards but #Person2# thinks it will be fine.,chicken pox,#Person1# tells #Person2# she has chicken pox and #Person2# thinks she is contagious. #Person1# says #Person2# should not breathe on her. #Person1# warns #Person2# to take an oatmeal bath. #Person1# also tells #Person2# to go take an oatmeal bath. #Person1# tells #Person
test_7_1,"#Person1#: Good coming. What can I do for you?
#Person2#: I'm in Room 309. I'm checking out today. Can I have my bill now?
#Person1#: Certainly. Please wait a moment. Here you are.
#Person2#: Thanks. Wait... What's this? The 30 dollar for?
#Person1#: Excuse me... The charge for your laundry service on Nov. 20th.
#Person2#: But I did't take any laundry service during my stay here. I think you have added someone else's.
#Person1#: Ummmm...Sorry, would you mind waiting a moment? We check it with the department concerned.
#Person2#: No. As long as we get this straightened out.
#Person1#: I'm very sorry. There has been a mistake. We'll correct the bill. Please take a look.
#Person2#: Okay, here you are.
#Person1#: Goodbye.",#Person2# is checking out and asks #Person1# for the bill. #Person1# gives #Person2# a wrong bill at first then corrects it.,bill,#Person1# checks out and asks #Person2# to pay the bill. #Person2# is wrong and pays the bill again. #Person1# apologizes and #Person2# thanks. #Person1# then leaves. #Person2# waits for #Person1#. #Person1# will correct the bill. #Person2# thanks. #Person1# then leaves
test_7_2,"#Person1#: Good coming. What can I do for you?
#Person2#: I'm in Room 309. I'm checking out today. Can I have my bill now?
#Person1#: Certainly. Please wait a moment. Here you are.
#Person2#: Thanks. Wait... What's this? The 30 dollar for?
#Person1#: Excuse me... The charge for your laundry service on Nov. 20th.
#Person2#: But I did't take any laundry service during my stay here. I think you have added someone else's.
#Person1#: Ummmm...Sorry, would you mind waiting a moment? We check it with the department concerned.
#Person2#: No. As long as we get this straightened out.
#Person1#: I'm very sorry. There has been a mistake. We'll correct the bill. Please take a look.
#Person2#: Okay, here you are.
#Person1#: Goodbye.",#Person1# helps #Person2# correct a mischarged bill on laundry service and helps #Person2# check out.,checking out,#Person1# checks out and asks #Person2# to pay the bill. #Person2# is wrong and pays the bill again. #Person1# apologizes and #Person2# thanks. #Person1# then leaves. #Person2# waits for #Person1#. #Person1# will correct the bill. #Person2# thanks. #Person1# then leaves
test_7_3,"#Person1#: Good coming. What can I do for you?
#Person2#: I'm in Room 309. I'm checking out today. Can I have my bill now?
#Person1#: Certainly. Please wait a moment. Here you are.
#Person2#: Thanks. Wait... What's this? The 30 dollar for?
#Person1#: Excuse me... The charge for your laundry service on Nov. 20th.
#Person2#: But I did't take any laundry service during my stay here. I think you have added someone else's.
#Person1#: Ummmm...Sorry, would you mind waiting a moment? We check it with the department concerned.
#Person2#: No. As long as we get this straightened out.
#Person1#: I'm very sorry. There has been a mistake. We'll correct the bill. Please take a look.
#Person2#: Okay, here you are.
#Person1#: Goodbye.",#Person2# finds #Person2# being mischarged. #Person1# corrects the bill and #Person2# pays for it.,check out,#Person1# checks out and asks #Person2# to pay the bill. #Person2# is wrong and pays the bill again. #Person1# apologizes and #Person2# thanks. #Person1# then leaves. #Person2# waits for #Person1#. #Person1# will correct the bill. #Person2# thanks. #Person1# then leaves
test_8_1,"#Person1#: Steven, I need badly your help.
#Person2#: What's the matter?
#Person1#: My wife has found that I have an affair with my secretary, and now she is going to divorce me.
#Person2#: How could you cheat on your wife? You have been married for ten years.
#Person1#: Yes, I know I'm wrong. But I swear that the affair lasts only for two months. And I still love my wife. I couldn't live without her.
#Person2#: I will try my best to persuade her to reconsider the divorce. But are you sure that from now on you will be faithful to her forever?
#Person1#: Yes, I swear.",#Person1# is begging Steven to persuade his wife not to divorce him. Steven agrees.,reconsider the divorce,#Person1#'s wife finds out he cheated on his wife. #Person1# tells #Person2# he'll try his best to persuade her to reconsider the divorce but he won't be faithful to her forever. #Person2# agrees. #Person1# promises to tell #Person2# everything. #Person2# says it's not necessary to tell #Person1#. #
test_8_2,"#Person1#: Steven, I need badly your help.
#Person2#: What's the matter?
#Person1#: My wife has found that I have an affair with my secretary, and now she is going to divorce me.
#Person2#: How could you cheat on your wife? You have been married for ten years.
#Person1#: Yes, I know I'm wrong. But I swear that the affair lasts only for two months. And I still love my wife. I couldn't live without her.
#Person2#: I will try my best to persuade her to reconsider the divorce. But are you sure that from now on you will be faithful to her forever?
#Person1#: Yes, I swear.",Steve will try to persuade #Person1#'s wife not to divorce #Person1# as #Person1# swears to remain faithful forever.,divorce,#Person1#'s wife finds out he cheated on his wife. #Person1# tells #Person2# he'll try his best to persuade her to reconsider the divorce but he won't be faithful to her forever. #Person2# agrees. #Person1# promises to tell #Person2# everything. #Person2# says it's not necessary to tell #Person1#. #
test_8_3,"#Person1#: Steven, I need badly your help.
#Person2#: What's the matter?
#Person1#: My wife has found that I have an affair with my secretary, and now she is going to divorce me.
#Person2#: How could you cheat on your wife? You have been married for ten years.
#Person1#: Yes, I know I'm wrong. But I swear that the affair lasts only for two months. And I still love my wife. I couldn't live without her.
#Person2#: I will try my best to persuade her to reconsider the divorce. But are you sure that from now on you will be faithful to her forever?
#Person1#: Yes, I swear.","#Person1# begs Steven's to persuade #Person1#'s wife not to divorce him, and Steven agrees.",divorce,#Person1#'s wife finds out he cheated on his wife. #Person1# tells #Person2# he'll try his best to persuade her to reconsider the divorce but he won't be faithful to her forever. #Person2# agrees. #Person1# promises to tell #Person2# everything. #Person2# says it's not necessary to tell #Person1#. #
test_9_1,"#Person1#: Who stands out in your mind as a man or woman of sound character?
#Person2#: If I think of famous people, I think of Abraham Lincoln.
#Person1#: He's the US president, who walked five miles just to give a lady her change, isn't he?
#Person2#: That's the one. He also was famous for never giving up on his goals.
#Person1#: That's right. He ran for office quite a few times before he was finally elected.
#Person2#: And I also admire him for his courage in fighting for equal rights.
#Person1#: He had great vision, didn't he?
#Person2#: And humility. I would have liked to meet him personally.",#Person1# and #Person2# are talking about Abraham Lincoln. They think he was a noble man.,sound character,#Person1# asks #Person2# about famous people and #Person2#'s admiration for Abraham Lincoln. #Person1# admires Lincoln for his bravery and humility. #Person1# thinks of Abraham Lincoln when asked by #Person1#. #Person2#'s admiration for Lincoln is based on his achievements and qualities. #Person1# admires Lincoln because he has great vision and
test_9_2,"#Person1#: Who stands out in your mind as a man or woman of sound character?
#Person2#: If I think of famous people, I think of Abraham Lincoln.
#Person1#: He's the US president, who walked five miles just to give a lady her change, isn't he?
#Person2#: That's the one. He also was famous for never giving up on his goals.
#Person1#: That's right. He ran for office quite a few times before he was finally elected.
#Person2#: And I also admire him for his courage in fighting for equal rights.
#Person1#: He had great vision, didn't he?
#Person2#: And humility. I would have liked to meet him personally.","#Person2# admires Abraham Lincoln for his perseverance, courage and humility.",famous people,#Person1# asks #Person2# about famous people and #Person2#'s admiration for Abraham Lincoln. #Person1# admires Lincoln for his bravery and humility. #Person1# thinks of Abraham Lincoln when asked by #Person1#. #Person2#'s admiration for Lincoln is based on his achievements and qualities. #Person1# admires Lincoln because he has great vision and
test_9_3,"#Person1#: Who stands out in your mind as a man or woman of sound character?
#Person2#: If I think of famous people, I think of Abraham Lincoln.
#Person1#: He's the US president, who walked five miles just to give a lady her change, isn't he?
#Person2#: That's the one. He also was famous for never giving up on his goals.
#Person1#: That's right. He ran for office quite a few times before he was finally elected.
#Person2#: And I also admire him for his courage in fighting for equal rights.
#Person1#: He had great vision, didn't he?
#Person2#: And humility. I would have liked to meet him personally.",#Person1# and #Person2# talk about Abraham Lincoln and his glorious history. They both admire him.,discuss Abraham Lincoln,#Person1# asks #Person2# about famous people and #Person2#'s admiration for Abraham Lincoln. #Person1# admires Lincoln for his bravery and humility. #Person1# thinks of Abraham Lincoln when asked by #Person1#. #Person2#'s admiration for Lincoln is based on his achievements and qualities. #Person1# admires Lincoln because he has great vision and
test_10_1,"#Person1#: Where are you going for your trip?
#Person2#: I think Hebei is a good place.
#Person1#: But I heard the north of China are experiencing severe sandstorms!
#Person2#: Really?
#Person1#: Yes, it's said that Hebes was experiencing six degree strong winds.
#Person2#: How do these storms affect the people who live in these areas?
#Person1#: The report said the number of people with respiratory tract infections tended to rise after sandstorms. The sand gets into people's noses and throats and creates irritation.
#Person2#: It sounds that sandstorms are trouble for everybody!
#Person1#: You are quite right.",#Person2# plans to have a trip in Hebei but #Person1# says there are sandstorms in there.,sandstorms,#Person1# tells #Person2# about the severe sandstorm in Hebei and how it affects people. #Person2# thinks #Person1#'s statement is true. #Person1# also says there are many problems caused by sandstorms. #Person2# agrees. #Person1# hopes #Person2# will take some measures to solve the problem. #Person2#
test_10_2,"#Person1#: Where are you going for your trip?
#Person2#: I think Hebei is a good place.
#Person1#: But I heard the north of China are experiencing severe sandstorms!
#Person2#: Really?
#Person1#: Yes, it's said that Hebes was experiencing six degree strong winds.
#Person2#: How do these storms affect the people who live in these areas?
#Person1#: The report said the number of people with respiratory tract infections tended to rise after sandstorms. The sand gets into people's noses and throats and creates irritation.
#Person2#: It sounds that sandstorms are trouble for everybody!
#Person1#: You are quite right.",#Person1# tells #Person2# Hebei was experiencing severe sandstorms and sandstorms threaten people's health.,natural disaster,#Person1# tells #Person2# about the severe sandstorm in Hebei and how it affects people. #Person2# thinks #Person1#'s statement is true. #Person1# also says there are many problems caused by sandstorms. #Person2# agrees. #Person1# hopes #Person2# will take some measures to solve the problem. #Person2#
test_10_3,"#Person1#: Where are you going for your trip?
#Person2#: I think Hebei is a good place.
#Person1#: But I heard the north of China are experiencing severe sandstorms!
#Person2#: Really?
#Person1#: Yes, it's said that Hebes was experiencing six degree strong winds.
#Person2#: How do these storms affect the people who live in these areas?
#Person1#: The report said the number of people with respiratory tract infections tended to rise after sandstorms. The sand gets into people's noses and throats and creates irritation.
#Person2#: It sounds that sandstorms are trouble for everybody!
#Person1#: You are quite right.",#Person2# wants to travel to Hebei but #Person1# informs #Person2# of terrible sandstorms there.,discuss sandstorm,#Person1# tells #Person2# about the severe sandstorm in Hebei and how it affects people. #Person2# thinks #Person1#'s statement is true. #Person1# also says there are many problems caused by sandstorms. #Person2# agrees. #Person1# hopes #Person2# will take some measures to solve the problem. #Person2#
test_11_1,"#Person1#: Welcome to my birthday party, I am so happy you can come.
#Person2#: Thanks for inviting me. Here is the gift for you. Happy birthday, Francis! Many more happy and healthy years for you!
#Person1#: Thank you, shall I open it now?
#Person2#: Yes, please do.
#Person1#: Wow, a remote car model and my favorite brand. I really like it. That is so nice of you.
#Person2#: Yeah, I was really struggling whether I should give you this nice little car. It was the last one they had and I really like it so much myself.
#Person1#: Typical you, always wanting to keep the best things for yourself. The more I appreciate the gift now.",#Person2# comes to the birthday party of Francis and sends him a remote car model.,birthday present,#Person1# invites #Person2# to his birthday party with a remote car model and #Person2#'s favorite brand. #Person1# appreciates #Person2#'s choice and says he will keep the best things for himself. #Person2# is happy to hear that. #Person1# also tells #Person2# about the remote car model and #Person2#'
test_11_2,"#Person1#: Welcome to my birthday party, I am so happy you can come.
#Person2#: Thanks for inviting me. Here is the gift for you. Happy birthday, Francis! Many more happy and healthy years for you!
#Person1#: Thank you, shall I open it now?
#Person2#: Yes, please do.
#Person1#: Wow, a remote car model and my favorite brand. I really like it. That is so nice of you.
#Person2#: Yeah, I was really struggling whether I should give you this nice little car. It was the last one they had and I really like it so much myself.
#Person1#: Typical you, always wanting to keep the best things for yourself. The more I appreciate the gift now.",#Person2# gives Francis a car model that both of them love as a birthday gift.,birthday gift,#Person1# invites #Person2# to his birthday party with a remote car model and #Person2#'s favorite brand. #Person1# appreciates #Person2#'s choice and says he will keep the best things for himself. #Person2# is happy to hear that. #Person1# also tells #Person2# about the remote car model and #Person2#'
test_11_3,"#Person1#: Welcome to my birthday party, I am so happy you can come.
#Person2#: Thanks for inviting me. Here is the gift for you. Happy birthday, Francis! Many more happy and healthy years for you!
#Person1#: Thank you, shall I open it now?
#Person2#: Yes, please do.
#Person1#: Wow, a remote car model and my favorite brand. I really like it. That is so nice of you.
#Person2#: Yeah, I was really struggling whether I should give you this nice little car. It was the last one they had and I really like it so much myself.
#Person1#: Typical you, always wanting to keep the best things for yourself. The more I appreciate the gift now.",#Person2# gives Francis a nice car model as a birthday gift and Francis appreciates it.,birthday gift,#Person1# invites #Person2# to his birthday party with a remote car model and #Person2#'s favorite brand. #Person1# appreciates #Person2#'s choice and says he will keep the best things for himself. #Person2# is happy to hear that. #Person1# also tells #Person2# about the remote car model and #Person2#'
test_12_1,"#Person1#: Hi, Tony. You look unhappy. What's wrong?
#Person2#: Oh, Steven, I made a big mistake.
#Person1#: What happened?
#Person2#: I really wish I hadn't done it.
#Person1#: What on earth are you talking about?
#Person2#: I got caught cheating. I feel so ashamed. The teacher saw me and told me I failed.
#Person1#: What were you thinking?
#Person2#: You know my father. If I fail, he'll kill me. I have to do well.
#Person1#: But what you should do is study hard.
#Person2#: I know. . . I know. . . it's all my fault. I feel awful that I didn't study, and I cheated, and I got caught.
#Person1#: So long as you learn from your mistakes.",Tony got caught cheating and feels ashamed. Steven tells him to learn from it and study hard.,getting caught cheating,#Person2# tells #Person1# that he cheated and failed the exam. #Person1# encourages #Person2# to study hard. #Person2# feels bad because of his mistake. #Person1# encourages him to learn from his mistake. #Person1# tells #Person2# to study hard. #Person1# encourages #Person2# to learn from his mistake
test_12_2,"#Person1#: Hi, Tony. You look unhappy. What's wrong?
#Person2#: Oh, Steven, I made a big mistake.
#Person1#: What happened?
#Person2#: I really wish I hadn't done it.
#Person1#: What on earth are you talking about?
#Person2#: I got caught cheating. I feel so ashamed. The teacher saw me and told me I failed.
#Person1#: What were you thinking?
#Person2#: You know my father. If I fail, he'll kill me. I have to do well.
#Person1#: But what you should do is study hard.
#Person2#: I know. . . I know. . . it's all my fault. I feel awful that I didn't study, and I cheated, and I got caught.
#Person1#: So long as you learn from your mistakes.",Tony tells Steven that he failed a class because of cheating and he feels awful.,failing an exam,#Person2# tells #Person1# that he cheated and failed the exam. #Person1# encourages #Person2# to study hard. #Person2# feels bad because of his mistake. #Person1# encourages him to learn from his mistake. #Person1# tells #Person2# to study hard. #Person1# encourages #Person2# to learn from his mistake
test_12_3,"#Person1#: Hi, Tony. You look unhappy. What's wrong?
#Person2#: Oh, Steven, I made a big mistake.
#Person1#: What happened?
#Person2#: I really wish I hadn't done it.
#Person1#: What on earth are you talking about?
#Person2#: I got caught cheating. I feel so ashamed. The teacher saw me and told me I failed.
#Person1#: What were you thinking?
#Person2#: You know my father. If I fail, he'll kill me. I have to do well.
#Person1#: But what you should do is study hard.
#Person2#: I know. . . I know. . . it's all my fault. I feel awful that I didn't study, and I cheated, and I got caught.
#Person1#: So long as you learn from your mistakes.",Tony tells Steven that he cheated on the exam and realized his mistake.,exam cheating,#Person2# tells #Person1# that he cheated and failed the exam. #Person1# encourages #Person2# to study hard. #Person2# feels bad because of his mistake. #Person1# encourages him to learn from his mistake. #Person1# tells #Person2# to study hard. #Person1# encourages #Person2# to learn from his mistake
test_13_1,"#Person1#: What time is it, Tom?
#Person2#: Just a minute. It's ten to nine by my watch.
#Person1#: Is it? I had no idea it was so late. I must be off now.
#Person2#: What's the hurry?
#Person1#: I must catch the nine-thirty train.
#Person2#: You've plenty of time yet. The railway station is very close. It won't take more than twenty minutes to get there.",#Person1# is catching a train. Tom asks #Person1# not to hurry.,catching the train,#Person1# and #Person2# talk about Tom's train schedule. #Person1# thinks Tom will miss the train because he has already been on the train for too long. #Person2# says they can catch the train quickly. #Person1# agrees with #Person2#. #Person1# also tells #Person2# that the railway station is very close. #Person
test_13_2,"#Person1#: What time is it, Tom?
#Person2#: Just a minute. It's ten to nine by my watch.
#Person1#: Is it? I had no idea it was so late. I must be off now.
#Person2#: What's the hurry?
#Person1#: I must catch the nine-thirty train.
#Person2#: You've plenty of time yet. The railway station is very close. It won't take more than twenty minutes to get there.",#Person1# is in a hurry to catch a train. Tom tells #Person1# there is plenty of time.,transportation,#Person1# and #Person2# talk about Tom's train schedule. #Person1# thinks Tom will miss the train because he has already been on the train for too long. #Person2# says they can catch the train quickly. #Person1# agrees with #Person2#. #Person1# also tells #Person2# that the railway station is very close. #Person
test_13_3,"#Person1#: What time is it, Tom?
#Person2#: Just a minute. It's ten to nine by my watch.
#Person1#: Is it? I had no idea it was so late. I must be off now.
#Person2#: What's the hurry?
#Person1#: I must catch the nine-thirty train.
#Person2#: You've plenty of time yet. The railway station is very close. It won't take more than twenty minutes to get there.",#Person1# is rushing to catch a train but Tom thinks it isn't necessary.,discuss leaving,#Person1# and #Person2# talk about Tom's train schedule. #Person1# thinks Tom will miss the train because he has already been on the train for too long. #Person2# says they can catch the train quickly. #Person1# agrees with #Person2#. #Person1# also tells #Person2# that the railway station is very close. #Person
test_14_1,"#Person1#: I don't know how to adjust my life. Would you give me a piece of advice?
#Person2#: You look a bit pale, don't you?
#Person1#: Yes, I can't sleep well every night.
#Person2#: You should get plenty of sleep.
#Person1#: I drink a lot of wine.
#Person2#: If I were you, I wouldn't drink too much.
#Person1#: I often feel so tired.
#Person2#: You better do some exercise every morning.
#Person1#: I sometimes find the shadow of death in front of me.
#Person2#: Why do you worry about your future? You're very young, and you'll make great contribution to the world. I hope you take my advice.",#Person1# wants to adjust #Person1#'s life and #Person2# suggests #Person1# be positive and stay healthy.,adjust the life,#Person1#'s advice is to get enough sleep and exercise. #Person2# thinks #Person1#'s worried about his future is right. #Person1# hopes #Person2# will take her advice. #Person2# says #Person1#'s worrying about his future is wrong. #Person1# thinks he's very young and will make great contributions to the world.
test_14_2,"#Person1#: I don't know how to adjust my life. Would you give me a piece of advice?
#Person2#: You look a bit pale, don't you?
#Person1#: Yes, I can't sleep well every night.
#Person2#: You should get plenty of sleep.
#Person1#: I drink a lot of wine.
#Person2#: If I were you, I wouldn't drink too much.
#Person1#: I often feel so tired.
#Person2#: You better do some exercise every morning.
#Person1#: I sometimes find the shadow of death in front of me.
#Person2#: Why do you worry about your future? You're very young, and you'll make great contribution to the world. I hope you take my advice.",#Person1# has a bad lifestyle. #Person2# kindly advises #Person1# to be positive.,advice,#Person1#'s advice is to get enough sleep and exercise. #Person2# thinks #Person1#'s worried about his future is right. #Person1# hopes #Person2# will take her advice. #Person2# says #Person1#'s worrying about his future is wrong. #Person1# thinks he's very young and will make great contributions to the world.
test_14_3,"#Person1#: I don't know how to adjust my life. Would you give me a piece of advice?
#Person2#: You look a bit pale, don't you?
#Person1#: Yes, I can't sleep well every night.
#Person2#: You should get plenty of sleep.
#Person1#: I drink a lot of wine.
#Person2#: If I were you, I wouldn't drink too much.
#Person1#: I often feel so tired.
#Person2#: You better do some exercise every morning.
#Person1#: I sometimes find the shadow of death in front of me.
#Person2#: Why do you worry about your future? You're very young, and you'll make great contribution to the world. I hope you take my advice.",#Person2# hopes #Person1# will become healthy and positive.,giving advice,#Person1#'s advice is to get enough sleep and exercise. #Person2# thinks #Person1#'s worried about his future is right. #Person1# hopes #Person2# will take her advice. #Person2# says #Person1#'s worrying about his future is wrong. #Person1# thinks he's very young and will make great contributions to the world.
test_15_1,"#Person1#: Would you like to go to the party tonight?
#Person2#: Whose party?
#Person1#: Ruojia's. Don't you know that? Ruojia has got married.
#Person2#: What! Is she really? I can't believe it!
#Person1#: Yes. Yesterday.
#Person2#: Good gracious. That's incredible! I feel so happy for her!
#Person1#: Yes, me too.
#Person2#: But how do you know that?
#Person1#: I saw the news from her twitter. And she sent an email about it.
#Person2#: What? I didn't receive it!
#Person1#: Maybe you should check your email.
#Person2#: Oh yes, I find it. Tonight at her home. Will you bring something?
#Person1#: Yes, a pair of wineglasses and a card to wish her happy marriage.
#Person2#: I will buy a tea set.",#Person1# tells #Person2# that Ruojia is married and will have a party tonight. #Person2#'s surprised to know that. They will bring their gifts to bless her.,Ruojia is married,#Person1# tells #Person2# that #Person1#'s friend #Person2#'ll bring #Person1#'s gift to Ruojia's party. #Person1# asks #Person2# if they have received the email. #Person2# says #Person1#'ll buy a tea set. #Person1# is happy because he knows #Person2#'ll
test_15_2,"#Person1#: Would you like to go to the party tonight?
#Person2#: Whose party?
#Person1#: Ruojia's. Don't you know that? Ruojia has got married.
#Person2#: What! Is she really? I can't believe it!
#Person1#: Yes. Yesterday.
#Person2#: Good gracious. That's incredible! I feel so happy for her!
#Person1#: Yes, me too.
#Person2#: But how do you know that?
#Person1#: I saw the news from her twitter. And she sent an email about it.
#Person2#: What? I didn't receive it!
#Person1#: Maybe you should check your email.
#Person2#: Oh yes, I find it. Tonight at her home. Will you bring something?
#Person1#: Yes, a pair of wineglasses and a card to wish her happy marriage.
#Person2#: I will buy a tea set.",#Person2# is surprised to know from #Person1# that Ruojia is married. Then #Person2# finds Ruojia has sent an email about it. They will go to Ruojia's party and give their presents to her.,surprising news,#Person1# tells #Person2# that #Person1#'s friend #Person2#'ll bring #Person1#'s gift to Ruojia's party. #Person1# asks #Person2# if they have received the email. #Person2# says #Person1#'ll buy a tea set. #Person1# is happy because he knows #Person2#'ll
test_15_3,"#Person1#: Would you like to go to the party tonight?
#Person2#: Whose party?
#Person1#: Ruojia's. Don't you know that? Ruojia has got married.
#Person2#: What! Is she really? I can't believe it!
#Person1#: Yes. Yesterday.
#Person2#: Good gracious. That's incredible! I feel so happy for her!
#Person1#: Yes, me too.
#Person2#: But how do you know that?
#Person1#: I saw the news from her twitter. And she sent an email about it.
#Person2#: What? I didn't receive it!
#Person1#: Maybe you should check your email.
#Person2#: Oh yes, I find it. Tonight at her home. Will you bring something?
#Person1#: Yes, a pair of wineglasses and a card to wish her happy marriage.
#Person2#: I will buy a tea set.",#Person2# is surprised that Ruojia's married. #Person1# and #Person2# will go to her party and give their presents to wish her a happy marriage.,discuss marriage,#Person1# tells #Person2# that #Person1#'s friend #Person2#'ll bring #Person1#'s gift to Ruojia's party. #Person1# asks #Person2# if they have received the email. #Person2# says #Person1#'ll buy a tea set. #Person1# is happy because he knows #Person2#'ll
test_16_1,"#Person1#: Yeah. Just pull on this strip. Then peel off the back.
#Person2#: You might make a few enemies this way.
#Person1#: If they don't think this is fun, they're not meant to be our friends.
#Person2#: You mean your friends. I think it's cruel.
#Person1#: Yeah. But it's fun. Look at those two ugly old ladies. . . or are they men?
#Person2#: Hurry! Get a shot!. . . Hand it over!
#Person1#: I knew you'd come around. . .",#Person2# at first thinks #Person1#'s behaviour cruel but finally joins #Person1#.,cruel behaviour,#Person1# and #Person2# are having a fight about whether #Person1#'s going to get a shot. #Person1# tells #Person2# that #Person1#'ll do anything for #Person1#. #Person2# thinks #Person1#'s friends will be hurt if he gets a shot. #Person1# says #Person1#'ll get a
test_16_2,"#Person1#: Yeah. Just pull on this strip. Then peel off the back.
#Person2#: You might make a few enemies this way.
#Person1#: If they don't think this is fun, they're not meant to be our friends.
#Person2#: You mean your friends. I think it's cruel.
#Person1#: Yeah. But it's fun. Look at those two ugly old ladies. . . or are they men?
#Person2#: Hurry! Get a shot!. . . Hand it over!
#Person1#: I knew you'd come around. . .",#Person1# plans on playing a trick to others. #Person2# thinks it's cruel at first but then joins.,tricking others,#Person1# and #Person2# are having a fight about whether #Person1#'s going to get a shot. #Person1# tells #Person2# that #Person1#'ll do anything for #Person1#. #Person2# thinks #Person1#'s friends will be hurt if he gets a shot. #Person1# says #Person1#'ll get a
test_16_3,"#Person1#: Yeah. Just pull on this strip. Then peel off the back.
#Person2#: You might make a few enemies this way.
#Person1#: If they don't think this is fun, they're not meant to be our friends.
#Person2#: You mean your friends. I think it's cruel.
#Person1#: Yeah. But it's fun. Look at those two ugly old ladies. . . or are they men?
#Person2#: Hurry! Get a shot!. . . Hand it over!
#Person1#: I knew you'd come around. . .",#Person1# is about to make a prank. #Person2# thinks it's cruel at first but then joins.,prank,#Person1# and #Person2# are having a fight about whether #Person1#'s going to get a shot. #Person1# tells #Person2# that #Person1#'ll do anything for #Person1#. #Person2# thinks #Person1#'s friends will be hurt if he gets a shot. #Person1# says #Person1#'ll get a
test_17_1,"#Person1#: What does your sister look like, Mike?
#Person2#: Well, she's tall and pretty.
#Person1#: Is she like you?
#Person2#: I suppose so. We're both friendly and easy-going.
#Person1#: Is she as clever as you?
#Person2#: No, she's not as clever as me.
#Person1#: Big head!",Mike is describing his sister to #Person1#.,sister,#Person1# asks Mike about his sister's appearance. #Person2#'s answer is that #Person1#'s sister looks taller and prettier than him. #Person1#'s sister isn't as clever as #Person1#'s. #Person1#'s sister has a big head! #Person1#'s sister is smarter than #Person1#'s. #Person1
test_17_2,"#Person1#: What does your sister look like, Mike?
#Person2#: Well, she's tall and pretty.
#Person1#: Is she like you?
#Person2#: I suppose so. We're both friendly and easy-going.
#Person1#: Is she as clever as you?
#Person2#: No, she's not as clever as me.
#Person1#: Big head!",Mike describes to #Person1# his sister's characters and personality.,family member,#Person1# asks Mike about his sister's appearance. #Person2#'s answer is that #Person1#'s sister looks taller and prettier than him. #Person1#'s sister isn't as clever as #Person1#'s. #Person1#'s sister has a big head! #Person1#'s sister is smarter than #Person1#'s. #Person1
test_17_3,"#Person1#: What does your sister look like, Mike?
#Person2#: Well, she's tall and pretty.
#Person1#: Is she like you?
#Person2#: I suppose so. We're both friendly and easy-going.
#Person1#: Is she as clever as you?
#Person2#: No, she's not as clever as me.
#Person1#: Big head!",#Person1# asks Mike about his sister.,describe a person,#Person1# asks Mike about his sister's appearance. #Person2#'s answer is that #Person1#'s sister looks taller and prettier than him. #Person1#'s sister isn't as clever as #Person1#'s. #Person1#'s sister has a big head! #Person1#'s sister is smarter than #Person1#'s. #Person1
test_18_1,"#Person1#: Is anybody in?
#Person2#: How can I help you?
#Person1#: I have a headache.
#Person2#: Let me take your temperature with a thermometer.
#Person1#: OK.
#Person2#: I think you have a small fever.
#Person1#: I thought so. I felt dizzy this morning.
#Person2#: You should've called in sick! Next time, have either of your parents call the school office.",#Person1# feels sick and #Person2# gives #Person1# a check-up.,feeling sick,"#Person1#'s feeling dizzy and has a headache. #Person2# takes his temperature with a thermometer and tells him he's having a small fever. #Person1# thinks he should've called in sick but next time, have either of his parents call the school office. #Person2# advises #Person1# to get some rest and drink more water. #Person1# agrees"
test_18_2,"#Person1#: Is anybody in?
#Person2#: How can I help you?
#Person1#: I have a headache.
#Person2#: Let me take your temperature with a thermometer.
#Person1#: OK.
#Person2#: I think you have a small fever.
#Person1#: I thought so. I felt dizzy this morning.
#Person2#: You should've called in sick! Next time, have either of your parents call the school office.",#Person2# finds that #Person1# has a fever and says #Person1# should've called in sick earlier.,at school,"#Person1#'s feeling dizzy and has a headache. #Person2# takes his temperature with a thermometer and tells him he's having a small fever. #Person1# thinks he should've called in sick but next time, have either of his parents call the school office. #Person2# advises #Person1# to get some rest and drink more water. #Person1# agrees"
test_18_3,"#Person1#: Is anybody in?
#Person2#: How can I help you?
#Person1#: I have a headache.
#Person2#: Let me take your temperature with a thermometer.
#Person1#: OK.
#Person2#: I think you have a small fever.
#Person1#: I thought so. I felt dizzy this morning.
#Person2#: You should've called in sick! Next time, have either of your parents call the school office.",#Person2# checks #Person1#'s physical condition and finds #Person1# has a fever.,physical test,"#Person1#'s feeling dizzy and has a headache. #Person2# takes his temperature with a thermometer and tells him he's having a small fever. #Person1# thinks he should've called in sick but next time, have either of his parents call the school office. #Person2# advises #Person1# to get some rest and drink more water. #Person1# agrees"
test_19_1,"#Person1#: Can I help you?
#Person2#: I'd like to buy a new mobile phone please.
#Person1#: Ok, would you like a phone with camera and MP3 player?
#Person2#: Yes please. And I'd like to be able to make video calls too.",#Person1# helps #Person2# to choose a new phone.,buying a phone,#Person1# asks #Person2# if they can buy a new mobile phone. #Person2# says yes and #Person1# wants a phone with camera and MP3 player. #Person2# also wants to be able to make video calls. #Person1# agrees. #Person2# is happy. #Person1# thanks #Person2#. #Person1# tells
test_19_2,"#Person1#: Can I help you?
#Person2#: I'd like to buy a new mobile phone please.
#Person1#: Ok, would you like a phone with camera and MP3 player?
#Person2#: Yes please. And I'd like to be able to make video calls too.",#Person2# wants to buy a new mobile phone from #Person1#.,shopping,#Person1# asks #Person2# if they can buy a new mobile phone. #Person2# says yes and #Person1# wants a phone with camera and MP3 player. #Person2# also wants to be able to make video calls. #Person1# agrees. #Person2# is happy. #Person1# thanks #Person2#. #Person1# tells
test_19_3,"#Person1#: Can I help you?
#Person2#: I'd like to buy a new mobile phone please.
#Person1#: Ok, would you like a phone with camera and MP3 player?
#Person2#: Yes please. And I'd like to be able to make video calls too.",#Person2# wants to buy a new mobile phone from #Person1#.,shopping,#Person1# asks #Person2# if they can buy a new mobile phone. #Person2# says yes and #Person1# wants a phone with camera and MP3 player. #Person2# also wants to be able to make video calls. #Person1# agrees. #Person2# is happy. #Person1# thanks #Person2#. #Person1# tells
test_20_1,"#Person1#: Hey, Frank. I heard you got a new job.
#Person2#: Yeah, Judy. I will be working for the Post Office. It's not a bad job.
#Person1#: Is it true that you have a heavy work schedule?
#Person2#: That's right. I am supposed to work at 5am everyday, and I only get 45 minutes for lunch.
#Person1#: So, why did you apply for such a demanding job?
#Person2#: Well, the government offers its employees excellent health insurance benefits.
#Person1#: Oh, I see. And can your family members utilize the health insurance, too?
#Person2#: Yeah, that's the best part. All of my children can get free medical care.
#Person1#: That's a great employment benefit!
#Person2#: Now you know why I wanted to work for the Post Office!",Frank got a new job and is telling Judy not only the heavy schedule but also the benefits of this job.,new job,#Person1# tells #Person2# about his new job as a post office worker. #Person2# is impressed by #Person1#'s good health insurance benefits. #Person1# asks #Person2# more questions. #Person2# explains that all of her children can get free medical care. #Person1# thinks #Person2#'s application is very good! #
test_20_2,"#Person1#: Hey, Frank. I heard you got a new job.
#Person2#: Yeah, Judy. I will be working for the Post Office. It's not a bad job.
#Person1#: Is it true that you have a heavy work schedule?
#Person2#: That's right. I am supposed to work at 5am everyday, and I only get 45 minutes for lunch.
#Person1#: So, why did you apply for such a demanding job?
#Person2#: Well, the government offers its employees excellent health insurance benefits.
#Person1#: Oh, I see. And can your family members utilize the health insurance, too?
#Person2#: Yeah, that's the best part. All of my children can get free medical care.
#Person1#: That's a great employment benefit!
#Person2#: Now you know why I wanted to work for the Post Office!",Frank explains to Judy the reason why he took a job at the Post office is that the government offers excellent health insurance benefits for its employees.,employment,#Person1# tells #Person2# about his new job as a post office worker. #Person2# is impressed by #Person1#'s good health insurance benefits. #Person1# asks #Person2# more questions. #Person2# explains that all of her children can get free medical care. #Person1# thinks #Person2#'s application is very good! #
test_20_3,"#Person1#: Hey, Frank. I heard you got a new job.
#Person2#: Yeah, Judy. I will be working for the Post Office. It's not a bad job.
#Person1#: Is it true that you have a heavy work schedule?
#Person2#: That's right. I am supposed to work at 5am everyday, and I only get 45 minutes for lunch.
#Person1#: So, why did you apply for such a demanding job?
#Person2#: Well, the government offers its employees excellent health insurance benefits.
#Person1#: Oh, I see. And can your family members utilize the health insurance, too?
#Person2#: Yeah, that's the best part. All of my children can get free medical care.
#Person1#: That's a great employment benefit!
#Person2#: Now you know why I wanted to work for the Post Office!",Frank describes his new job's schedule and insurance at the Post Office to Judy.,job description,#Person1# tells #Person2# about his new job as a post office worker. #Person2# is impressed by #Person1#'s good health insurance benefits. #Person1# asks #Person2# more questions. #Person2# explains that all of her children can get free medical care. #Person1# thinks #Person2#'s application is very good! #
test_21_1,"#Person1#: Do you have any special skills?
#Person2#: I can write computer programs, I have a good command of secretarial skills.
#Person1#: What qualifications have you got?
#Person2#: I have a doctor license and a driving license.
#Person1#: Do you get special training in office skills?
#Person2#: I passed both the Cambridge Examinations, First Certificate and the Certificate of Proficiency in English. And studied for a year in London at the Lucas Secretarial College, ending with speeds of 120 words per minute in English shorthand and 50 words per minute in typing. I was also trained in office procedure.
#Person1#: Please tell me about work you have done, which qualifies you for this job.
#Person2#: I'Ve received some special training in typing, shorthand and operating a fax machine, etc. . I'm experienced in IBM-PC. I can operate familiarly a word-processor, a fax machine, a photo and other office equipment.",#Person2# is describing the educational background and previous working experience to #Person1# in a job interview.,job interview,"#Person2#'s qualifications include a doctor's license, a driving license, and a certificate of proficiency in English. He has worked as an office clerk and secretary. #Person2#'S special skills include writing computer programs, secretarial skills, and working with office equipment. #Person2#'S qualifications make him suitable for the job. #Person2#'S qualifications are listed in detail."
test_21_2,"#Person1#: Do you have any special skills?
#Person2#: I can write computer programs, I have a good command of secretarial skills.
#Person1#: What qualifications have you got?
#Person2#: I have a doctor license and a driving license.
#Person1#: Do you get special training in office skills?
#Person2#: I passed both the Cambridge Examinations, First Certificate and the Certificate of Proficiency in English. And studied for a year in London at the Lucas Secretarial College, ending with speeds of 120 words per minute in English shorthand and 50 words per minute in typing. I was also trained in office procedure.
#Person1#: Please tell me about work you have done, which qualifies you for this job.
#Person2#: I'Ve received some special training in typing, shorthand and operating a fax machine, etc. . I'm experienced in IBM-PC. I can operate familiarly a word-processor, a fax machine, a photo and other office equipment.",#Person2# is being interviewed by #Person1#. #Person2# is equipped with a bunch of valuable office skills.,job interview,"#Person2#'s qualifications include a doctor's license, a driving license, and a certificate of proficiency in English. He has worked as an office clerk and secretary. #Person2#'S special skills include writing computer programs, secretarial skills, and working with office equipment. #Person2#'S qualifications make him suitable for the job. #Person2#'S qualifications are listed in detail."
test_21_3,"#Person1#: Do you have any special skills?
#Person2#: I can write computer programs, I have a good command of secretarial skills.
#Person1#: What qualifications have you got?
#Person2#: I have a doctor license and a driving license.
#Person1#: Do you get special training in office skills?
#Person2#: I passed both the Cambridge Examinations, First Certificate and the Certificate of Proficiency in English. And studied for a year in London at the Lucas Secretarial College, ending with speeds of 120 words per minute in English shorthand and 50 words per minute in typing. I was also trained in office procedure.
#Person1#: Please tell me about work you have done, which qualifies you for this job.
#Person2#: I'Ve received some special training in typing, shorthand and operating a fax machine, etc. . I'm experienced in IBM-PC. I can operate familiarly a word-processor, a fax machine, a photo and other office equipment.","#Person1# asks about #Person2#'s special skills, training, previous working experience and other qualification for the job.",job interview,"#Person2#'s qualifications include a doctor's license, a driving license, and a certificate of proficiency in English. He has worked as an office clerk and secretary. #Person2#'S special skills include writing computer programs, secretarial skills, and working with office equipment. #Person2#'S qualifications make him suitable for the job. #Person2#'S qualifications are listed in detail."
test_22_1,"#Person1#: Excuse me.
#Person2#: Yes, sir. Can I help you?
#Person1#: Um, this steak, I asked for to be medium rare.
#Person2#: Medium rare, that's right, sir. I remember your order.
#Person1#: Well, I'm afraid it isn't. It's a bit too well done and rather tough. Would you mind changing?
#Person2#: If it is not to your satisfaction, I'll certainly bring you another. But I'm afraid you may have to wait for a few minutes.
#Person1#: Yes, that's all right. Thank you very much.",#Person1# is not satisfied with the steak and #Person2# will change it.,changing the steak,#Person1# asks #Person2# to change the steak because it's too well done and tough. #Person2# will definitely bring another steak. #Person1# thanks. #Person2# says he'll bring another steak. #Person1# thanks again. #Person2# says he'll bring another steak. #Person1# thanks again. #Person2# says he
test_22_2,"#Person1#: Excuse me.
#Person2#: Yes, sir. Can I help you?
#Person1#: Um, this steak, I asked for to be medium rare.
#Person2#: Medium rare, that's right, sir. I remember your order.
#Person1#: Well, I'm afraid it isn't. It's a bit too well done and rather tough. Would you mind changing?
#Person2#: If it is not to your satisfaction, I'll certainly bring you another. But I'm afraid you may have to wait for a few minutes.
#Person1#: Yes, that's all right. Thank you very much.",#Person2# will change a steak for #Person1# as that one doesn't satisfy #Person1#.,at a restaurant,#Person1# asks #Person2# to change the steak because it's too well done and tough. #Person2# will definitely bring another steak. #Person1# thanks. #Person2# says he'll bring another steak. #Person1# thanks again. #Person2# says he'll bring another steak. #Person1# thanks again. #Person2# says he
test_22_3,"#Person1#: Excuse me.
#Person2#: Yes, sir. Can I help you?
#Person1#: Um, this steak, I asked for to be medium rare.
#Person2#: Medium rare, that's right, sir. I remember your order.
#Person1#: Well, I'm afraid it isn't. It's a bit too well done and rather tough. Would you mind changing?
#Person2#: If it is not to your satisfaction, I'll certainly bring you another. But I'm afraid you may have to wait for a few minutes.
#Person1#: Yes, that's all right. Thank you very much.","#Person1# is not satisfied with #Person1#'s steak and asks to change one, and #Person2# agrees.",restaurant service,#Person1# asks #Person2# to change the steak because it's too well done and tough. #Person2# will definitely bring another steak. #Person1# thanks. #Person2# says he'll bring another steak. #Person1# thanks again. #Person2# says he'll bring another steak. #Person1# thanks again. #Person2# says he
test_23_1,"#Person1#: Tom, I've got good news for you.
#Person2#: What is it?
#Person1#: Haven't you heard that your novel has won The Nobel Prize?
#Person2#: Really? I can't believe it. It's like a dream come true. I never expected that I would win The Nobel Prize!
#Person1#: You did a good job. I'm extremely proud of you.
#Person2#: Thanks for the compliment.
#Person1#: You certainly deserve it. Let's celebrate!",#Person1# congratulates Tom for achieving the Nobel Prize.,Nobel Prize,#Person1# tells #Person2# his novel has won The Nobel Prize and #Person2# is very proud of him. They will celebrate! #Person1# asks #Person2# to help them celebrate. #Person2# agrees. #Person1# gives #Person2# some money. #Person2# thanks #Person1#. #Person1# says they'll celebrate
test_23_2,"#Person1#: Tom, I've got good news for you.
#Person2#: What is it?
#Person1#: Haven't you heard that your novel has won The Nobel Prize?
#Person2#: Really? I can't believe it. It's like a dream come true. I never expected that I would win The Nobel Prize!
#Person1#: You did a good job. I'm extremely proud of you.
#Person2#: Thanks for the compliment.
#Person1#: You certainly deserve it. Let's celebrate!",#Person1# tells Tom that his novel has won the Nobel Prize.,surprising news,#Person1# tells #Person2# his novel has won The Nobel Prize and #Person2# is very proud of him. They will celebrate! #Person1# asks #Person2# to help them celebrate. #Person2# agrees. #Person1# gives #Person2# some money. #Person2# thanks #Person1#. #Person1# says they'll celebrate
test_23_3,"#Person1#: Tom, I've got good news for you.
#Person2#: What is it?
#Person1#: Haven't you heard that your novel has won The Nobel Prize?
#Person2#: Really? I can't believe it. It's like a dream come true. I never expected that I would win The Nobel Prize!
#Person1#: You did a good job. I'm extremely proud of you.
#Person2#: Thanks for the compliment.
#Person1#: You certainly deserve it. Let's celebrate!",#Person2# tells Tom he won the Nobel Prize.,win a prize,#Person1# tells #Person2# his novel has won The Nobel Prize and #Person2# is very proud of him. They will celebrate! #Person1# asks #Person2# to help them celebrate. #Person2# agrees. #Person1# gives #Person2# some money. #Person2# thanks #Person1#. #Person1# says they'll celebrate
test_24_1,"#Person1#: What makes you think you are able to do the job?
#Person2#: My major is Automobile Designing and I have received my master's degree in science. I think I can do it well.
#Person1#: What kind of work were you responsible for in the past employment?
#Person2#: I am a student engineer who mainly took charge of understanding of the mechanical strength and corrosion resistance of various materials.",#Person1# is interviewing #Person2# about #Person2#'s ability and previous experience.,job interview,"#Person1# asks #Person2#'s major and his experience, but #Person2# thinks he can do the job. #Person1# wants to know more about #Person2#'s experience. #Person2#'s answer shows that #Person2#'s major is automobile design and he has received his master's degree in science. He thinks he can do the job well."
test_24_2,"#Person1#: What makes you think you are able to do the job?
#Person2#: My major is Automobile Designing and I have received my master's degree in science. I think I can do it well.
#Person1#: What kind of work were you responsible for in the past employment?
#Person2#: I am a student engineer who mainly took charge of understanding of the mechanical strength and corrosion resistance of various materials.",#Person1# asks #Person2# about #Person2#'s capacities and past working experience during an interview.,job interview,"#Person1# asks #Person2#'s major and his experience, but #Person2# thinks he can do the job. #Person1# wants to know more about #Person2#'s experience. #Person2#'s answer shows that #Person2#'s major is automobile design and he has received his master's degree in science. He thinks he can do the job well."
test_24_3,"#Person1#: What makes you think you are able to do the job?
#Person2#: My major is Automobile Designing and I have received my master's degree in science. I think I can do it well.
#Person1#: What kind of work were you responsible for in the past employment?
#Person2#: I am a student engineer who mainly took charge of understanding of the mechanical strength and corrosion resistance of various materials.",#Person1# asks #Person2# about #Person2#'s qualification for the job.,job interview,"#Person1# asks #Person2#'s major and his experience, but #Person2# thinks he can do the job. #Person1# wants to know more about #Person2#'s experience. #Person2#'s answer shows that #Person2#'s major is automobile design and he has received his master's degree in science. He thinks he can do the job well."
test_25_1,"#Person1#: Do you drink much?
#Person2#: Depending on what you consider a lot.
#Person1#: How frequently do you drink?
#Person2#: Couple times a week. How about you?
#Person1#: Only when I go out. I'm not a big drinker.
#Person2#: How much can you drink?
#Person1#: I usually only have 2 beers.
#Person2#: You're a light weight.
#Person1#: How much can you drink?
#Person2#: I'm usually drinking all night long. At least 10 drinks.
#Person1#: Don't you spend a lot of money then?
#Person2#: No. We usually go to places that have specials. Dante's over on the Ave has $ 5. 00 pitchers on Mondays. So for ten, fifteen bucks, I can get a lot of drinks.
#Person1#: That's true.
#Person2#: If you don't like beer, have you tried mixed drinks? Some of them are pretty good.
#Person1#: I like beer, it's just that I get a headache when I drink more than 3.
#Person2#: You just have to build up a tolerance. I used to be like that. But your body gets used to it.
#Person1#: It'll take awhile, but I'm working on it.
#Person2#: Hey let's go out tomorrow night. The Ram Bar and Grill is having a special on pitchers.
#Person1#: Alright.","#Person1# and #Person2# are talking about some personal facts of drinking. #Person2# drinks a lot, while #Person1# cannot drink much for health reasons. They decide to have a drink together tomorrow night.",drinking,#Person1# tells #Person2# how often #Person1# drinks and how much he can drink. #Person1# suggests they go out together tomorrow night. #Person1# also tells #Person2# that #Person1#'s body gets used to it. #Person1# asks #Person2# if he likes beer. #Person1# suggests building up a tolerance
test_25_2,"#Person1#: Do you drink much?
#Person2#: Depending on what you consider a lot.
#Person1#: How frequently do you drink?
#Person2#: Couple times a week. How about you?
#Person1#: Only when I go out. I'm not a big drinker.
#Person2#: How much can you drink?
#Person1#: I usually only have 2 beers.
#Person2#: You're a light weight.
#Person1#: How much can you drink?
#Person2#: I'm usually drinking all night long. At least 10 drinks.
#Person1#: Don't you spend a lot of money then?
#Person2#: No. We usually go to places that have specials. Dante's over on the Ave has $ 5. 00 pitchers on Mondays. So for ten, fifteen bucks, I can get a lot of drinks.
#Person1#: That's true.
#Person2#: If you don't like beer, have you tried mixed drinks? Some of them are pretty good.
#Person1#: I like beer, it's just that I get a headache when I drink more than 3.
#Person2#: You just have to build up a tolerance. I used to be like that. But your body gets used to it.
#Person1#: It'll take awhile, but I'm working on it.
#Person2#: Hey let's go out tomorrow night. The Ram Bar and Grill is having a special on pitchers.
#Person1#: Alright.","#Person2#, a heavy drinker, invites #Person1#, a light drinker to go out the next day. #Person2# chooses a place that has a special on pitchers.",drinking,#Person1# tells #Person2# how often #Person1# drinks and how much he can drink. #Person1# suggests they go out together tomorrow night. #Person1# also tells #Person2# that #Person1#'s body gets used to it. #Person1# asks #Person2# if he likes beer. #Person1# suggests building up a tolerance
test_25_3,"#Person1#: Do you drink much?
#Person2#: Depending on what you consider a lot.
#Person1#: How frequently do you drink?
#Person2#: Couple times a week. How about you?
#Person1#: Only when I go out. I'm not a big drinker.
#Person2#: How much can you drink?
#Person1#: I usually only have 2 beers.
#Person2#: You're a light weight.
#Person1#: How much can you drink?
#Person2#: I'm usually drinking all night long. At least 10 drinks.
#Person1#: Don't you spend a lot of money then?
#Person2#: No. We usually go to places that have specials. Dante's over on the Ave has $ 5. 00 pitchers on Mondays. So for ten, fifteen bucks, I can get a lot of drinks.
#Person1#: That's true.
#Person2#: If you don't like beer, have you tried mixed drinks? Some of them are pretty good.
#Person1#: I like beer, it's just that I get a headache when I drink more than 3.
#Person2#: You just have to build up a tolerance. I used to be like that. But your body gets used to it.
#Person1#: It'll take awhile, but I'm working on it.
#Person2#: Hey let's go out tomorrow night. The Ram Bar and Grill is having a special on pitchers.
#Person1#: Alright.",#Person1# and #Person2# talk about their drinking capacity and their drinking habits. They decide to have a drink together tomorrow night.,discuss drinking,#Person1# tells #Person2# how often #Person1# drinks and how much he can drink. #Person1# suggests they go out together tomorrow night. #Person1# also tells #Person2# that #Person1#'s body gets used to it. #Person1# asks #Person2# if he likes beer. #Person1# suggests building up a tolerance
test_26_1,"#Person1#: May, do you mind helping me prepare for the picnic?
#Person2#: Sure. Have you checked the weather report?
#Person1#: Yes. It says it will be sunny all day. No sign of rain at all. This is your father's favorite sausage. Sandwiches for you and Daniel.
#Person2#: No, thanks Mom. I'd like some toast and chicken wings.
#Person1#: Okay. Please take some fruit salad and crackers for me.
#Person2#: Done. Oh, don't forget to take napkins disposable plates, cups and picnic blanket.
#Person1#: All set. May, can you help me take all these things to the living room?
#Person2#: Yes, madam.
#Person1#: Ask Daniel to give you a hand?
#Person2#: No, mom, I can manage it by myself. His help just causes more trouble.",May is helping her mother to do some preparation for the picnic.,preparing the picnic,"#Person1# helps #Person2# with preparing for the picnic. #Person1# asks #Person2# to take napkins, plates, cups and picnic blanket to the living room. #Person1# doesn't want #Person2#'s help. #Person2# agrees. #Person1# asks #Person2#'s help again. #Person2# agrees. #"
test_26_2,"#Person1#: May, do you mind helping me prepare for the picnic?
#Person2#: Sure. Have you checked the weather report?
#Person1#: Yes. It says it will be sunny all day. No sign of rain at all. This is your father's favorite sausage. Sandwiches for you and Daniel.
#Person2#: No, thanks Mom. I'd like some toast and chicken wings.
#Person1#: Okay. Please take some fruit salad and crackers for me.
#Person2#: Done. Oh, don't forget to take napkins disposable plates, cups and picnic blanket.
#Person1#: All set. May, can you help me take all these things to the living room?
#Person2#: Yes, madam.
#Person1#: Ask Daniel to give you a hand?
#Person2#: No, mom, I can manage it by myself. His help just causes more trouble.",May's mother asks May for help in preparing for a picnic. May gives her a hand.,picnic preparation,"#Person1# helps #Person2# with preparing for the picnic. #Person1# asks #Person2# to take napkins, plates, cups and picnic blanket to the living room. #Person1# doesn't want #Person2#'s help. #Person2# agrees. #Person1# asks #Person2#'s help again. #Person2# agrees. #"
test_26_3,"#Person1#: May, do you mind helping me prepare for the picnic?
#Person2#: Sure. Have you checked the weather report?
#Person1#: Yes. It says it will be sunny all day. No sign of rain at all. This is your father's favorite sausage. Sandwiches for you and Daniel.
#Person2#: No, thanks Mom. I'd like some toast and chicken wings.
#Person1#: Okay. Please take some fruit salad and crackers for me.
#Person2#: Done. Oh, don't forget to take napkins disposable plates, cups and picnic blanket.
#Person1#: All set. May, can you help me take all these things to the living room?
#Person2#: Yes, madam.
#Person1#: Ask Daniel to give you a hand?
#Person2#: No, mom, I can manage it by myself. His help just causes more trouble.",Mom asks May to help to prepare for the picnic and May agrees.,picnic preparing,"#Person1# helps #Person2# with preparing for the picnic. #Person1# asks #Person2# to take napkins, plates, cups and picnic blanket to the living room. #Person1# doesn't want #Person2#'s help. #Person2# agrees. #Person1# asks #Person2#'s help again. #Person2# agrees. #"
test_27_1,"#Person1#: Hello, are you Muriel Douglas?
#Person2#: Yes, and you must be James. It's nice to meet you at long last.
#Person1#: Yes, you too. Thanks for agreeing to meet with us about the new account. My associate, Susan Kim, should be here any minute. Would you like something to drink while we're waiting?
#Person2#: No, thanks. I'm fine. Did you have a nice holiday?
#Person1#: Yes, I did. My family and I went to Tahoe to ski and the weather was great. How about you?
#Person2#: I stayed in L. A. and it was sunny the entire weekend. We spent most of the time at home but we did go see King Kong on Christmas day.
#Person1#: How did you like it?
#Person2#: It was better than I expected. But, you know, I think I would have enjoyed skiing in Tahoe even better. Do you go there often?
#Person1#: No, not much. My wife doesn't like to ski. She prefers vacationing where it's warmer, like Hawaii.
#Person2#: I don't blame her. I really enjoyed it there when we went a few years ago. I'd like to go back sometime soon.
#Person1#: Yes, me too. Oh, here's Susan now. Let me introduce you.",Muriel Douglas and James meet each other and talk about what they have done during the holiday.,a nice holiday,#Person1# meets James and asks him if he can meet them about the new account. They talk about their holidays and then they decide to go skiing together. #Person1# invites James to come visit. #Person1# tells James that he likes skiing in Tahoe and that he would like to go back sometime soon. #Person1# invites James to come visit. #Person1#
test_27_2,"#Person1#: Hello, are you Muriel Douglas?
#Person2#: Yes, and you must be James. It's nice to meet you at long last.
#Person1#: Yes, you too. Thanks for agreeing to meet with us about the new account. My associate, Susan Kim, should be here any minute. Would you like something to drink while we're waiting?
#Person2#: No, thanks. I'm fine. Did you have a nice holiday?
#Person1#: Yes, I did. My family and I went to Tahoe to ski and the weather was great. How about you?
#Person2#: I stayed in L. A. and it was sunny the entire weekend. We spent most of the time at home but we did go see King Kong on Christmas day.
#Person1#: How did you like it?
#Person2#: It was better than I expected. But, you know, I think I would have enjoyed skiing in Tahoe even better. Do you go there often?
#Person1#: No, not much. My wife doesn't like to ski. She prefers vacationing where it's warmer, like Hawaii.
#Person2#: I don't blame her. I really enjoyed it there when we went a few years ago. I'd like to go back sometime soon.
#Person1#: Yes, me too. Oh, here's Susan now. Let me introduce you.","James and Muriel are talking while waiting for Susan, Muriel's associate. They talk about how they spent the holiday with their families.",holiday,#Person1# meets James and asks him if he can meet them about the new account. They talk about their holidays and then they decide to go skiing together. #Person1# invites James to come visit. #Person1# tells James that he likes skiing in Tahoe and that he would like to go back sometime soon. #Person1# invites James to come visit. #Person1#
test_27_3,"#Person1#: Hello, are you Muriel Douglas?
#Person2#: Yes, and you must be James. It's nice to meet you at long last.
#Person1#: Yes, you too. Thanks for agreeing to meet with us about the new account. My associate, Susan Kim, should be here any minute. Would you like something to drink while we're waiting?
#Person2#: No, thanks. I'm fine. Did you have a nice holiday?
#Person1#: Yes, I did. My family and I went to Tahoe to ski and the weather was great. How about you?
#Person2#: I stayed in L. A. and it was sunny the entire weekend. We spent most of the time at home but we did go see King Kong on Christmas day.
#Person1#: How did you like it?
#Person2#: It was better than I expected. But, you know, I think I would have enjoyed skiing in Tahoe even better. Do you go there often?
#Person1#: No, not much. My wife doesn't like to ski. She prefers vacationing where it's warmer, like Hawaii.
#Person2#: I don't blame her. I really enjoyed it there when we went a few years ago. I'd like to go back sometime soon.
#Person1#: Yes, me too. Oh, here's Susan now. Let me introduce you.","Muriel Douglas and James send greetings and talk about their holiday before the meeting. Douglas stayed in L.A., while James went to Tahoe.",social meeting,#Person1# meets James and asks him if he can meet them about the new account. They talk about their holidays and then they decide to go skiing together. #Person1# invites James to come visit. #Person1# tells James that he likes skiing in Tahoe and that he would like to go back sometime soon. #Person1# invites James to come visit. #Person1#
test_28_1,"#Person1#: Stupid girl, making me spend so much money, now I have to get it from the ATM...
#Person2#: Hello, welcome to Universal Bank. Please insert your card into the slot.
#Person1#: I know where to put my card! Stupid machine, talking to me like I ' m an idiot...
#Person2#: Please input your 6 digit PIN code followed by the pound key. Thank you. Please select an option. Thank you. You have selected withdrawal.
#Person1#: Yeah, yeah, I know what I selected. Just gimme my money!
#Person2#: Please type the amount you would like to withdraw. Thank you, you want to transfer 10000 USD to the World Wildlife Foundation. If this is correct please press 1.
#Person1#: No, no! Stupid machine, what are you doing! No!
#Person2#: Confirmed. Thank you for using our bank! Please remove your card from the slot. Goodbye!
#Person1#: No, no way! What happened? Give me my money!
#Person2#: Danger, danger! The exits have been sealed and the doors will remain locked in until the local authorities arrive. Thank you for using our bank. Have a nice day.","#Person1# wants to withdraw money from an ATM, but the ATM automatically transfers 10000 USD to the World Wildlife Foundation after confirming the withdrawal option. #Person1# gets mad and somehow locked in.",withdrawal trouble,#Person1# has spent too much money at the ATM and needs to withdraw some money. #Person2# helps her with the process. #Person1# asks for more information but #Person2# says she can't help because the ATM is closed. #Person1# then asks for more information again. #Person2# tells her that the exit has been sealed and the doors will
test_28_2,"#Person1#: Stupid girl, making me spend so much money, now I have to get it from the ATM...
#Person2#: Hello, welcome to Universal Bank. Please insert your card into the slot.
#Person1#: I know where to put my card! Stupid machine, talking to me like I ' m an idiot...
#Person2#: Please input your 6 digit PIN code followed by the pound key. Thank you. Please select an option. Thank you. You have selected withdrawal.
#Person1#: Yeah, yeah, I know what I selected. Just gimme my money!
#Person2#: Please type the amount you would like to withdraw. Thank you, you want to transfer 10000 USD to the World Wildlife Foundation. If this is correct please press 1.
#Person1#: No, no! Stupid machine, what are you doing! No!
#Person2#: Confirmed. Thank you for using our bank! Please remove your card from the slot. Goodbye!
#Person1#: No, no way! What happened? Give me my money!
#Person2#: Danger, danger! The exits have been sealed and the doors will remain locked in until the local authorities arrive. Thank you for using our bank. Have a nice day.","#Person1# run out of money because of a girl, and is withdrawing money from an ATM. But the ATM seems to go wrong and transfers #Person1#'s money to the World Wildlife Foundation, driving #Person1# crazy.",ATM accident,#Person1# has spent too much money at the ATM and needs to withdraw some money. #Person2# helps her with the process. #Person1# asks for more information but #Person2# says she can't help because the ATM is closed. #Person1# then asks for more information again. #Person2# tells her that the exit has been sealed and the doors will
test_28_3,"#Person1#: Stupid girl, making me spend so much money, now I have to get it from the ATM...
#Person2#: Hello, welcome to Universal Bank. Please insert your card into the slot.
#Person1#: I know where to put my card! Stupid machine, talking to me like I ' m an idiot...
#Person2#: Please input your 6 digit PIN code followed by the pound key. Thank you. Please select an option. Thank you. You have selected withdrawal.
#Person1#: Yeah, yeah, I know what I selected. Just gimme my money!
#Person2#: Please type the amount you would like to withdraw. Thank you, you want to transfer 10000 USD to the World Wildlife Foundation. If this is correct please press 1.
#Person1#: No, no! Stupid machine, what are you doing! No!
#Person2#: Confirmed. Thank you for using our bank! Please remove your card from the slot. Goodbye!
#Person1#: No, no way! What happened? Give me my money!
#Person2#: Danger, danger! The exits have been sealed and the doors will remain locked in until the local authorities arrive. Thank you for using our bank. Have a nice day.",#Person1# is withdrawing money from an ATM. But the ATM wrongly transfers #Person1#'s money to the World Wildlife Foundation. It drives #Person1# crazy.,ATM accident,#Person1# has spent too much money at the ATM and needs to withdraw some money. #Person2# helps her with the process. #Person1# asks for more information but #Person2# says she can't help because the ATM is closed. #Person1# then asks for more information again. #Person2# tells her that the exit has been sealed and the doors will
test_29_1,"#Person1#: Are you a social person?
#Person2#: Yes, I am an outgoing person who likes to be with a lot of friends.
#Person1#: What is your strategy in communicating with colleagues?
#Person2#: Well, the most important thing in communication is your sincerity.",#Person2# tells #Person1# #Person2#'s communication strategy.,communication strategy,#Person1# asks #Person2# if #Person2# is an outgoing person and what is his strategy for communicating with colleagues. #Person2# tells #Person1# that the most important thing in communication is sincerity. #Person1# asks him about his strategy. #Person2# says he is an outgoing person who likes to be with a lot of friends. #Person1
test_29_2,"#Person1#: Are you a social person?
#Person2#: Yes, I am an outgoing person who likes to be with a lot of friends.
#Person1#: What is your strategy in communicating with colleagues?
#Person2#: Well, the most important thing in communication is your sincerity.","Since #Person2# is very social, #Person1# asks for the communication strategy.",social skill,#Person1# asks #Person2# if #Person2# is an outgoing person and what is his strategy for communicating with colleagues. #Person2# tells #Person1# that the most important thing in communication is sincerity. #Person1# asks him about his strategy. #Person2# says he is an outgoing person who likes to be with a lot of friends. #Person1
test_29_3,"#Person1#: Are you a social person?
#Person2#: Yes, I am an outgoing person who likes to be with a lot of friends.
#Person1#: What is your strategy in communicating with colleagues?
#Person2#: Well, the most important thing in communication is your sincerity.",#Person2# shares #Person2#'s communication strategy with #Person1#.,communication strategy,#Person1# asks #Person2# if #Person2# is an outgoing person and what is his strategy for communicating with colleagues. #Person2# tells #Person1# that the most important thing in communication is sincerity. #Person1# asks him about his strategy. #Person2# says he is an outgoing person who likes to be with a lot of friends. #Person1
test_30_1,"#Person1#: What's wrong with you, Mr. Polly?
#Person2#: What's wrong? I want a break from this horrible job.
#Person1#: Then, buy a bottle of soft drink.
#Person2#: Would you like to buy a bottle for me in the shop?
#Person1#: It's a problem, because my boss is in that shop now.
#Person2#: Ok, I will go there myself.
#Person1#: Sorry, Mr. Polly.
#Person2#: It doesn't matter. Oh, God, I have only four dollars in my wallet. Is that possible for me to buy one?
#Person1#: Have a try.",Mr. Polly is tired and wants a break from work. #Person1# cannot buy a bottle of soft drink for him.,break from job,#Person1# tells #Person2# he can't afford it and #Person2# buys him a bottle of soft drink. #Person1# is angry at #Person2#'s behavior. #Person1# tells #Person2# he has only four dollars in his wallet. #Person1# asks #Person2# if he can buy one. #Person2# says yes
test_30_2,"#Person1#: What's wrong with you, Mr. Polly?
#Person2#: What's wrong? I want a break from this horrible job.
#Person1#: Then, buy a bottle of soft drink.
#Person2#: Would you like to buy a bottle for me in the shop?
#Person1#: It's a problem, because my boss is in that shop now.
#Person2#: Ok, I will go there myself.
#Person1#: Sorry, Mr. Polly.
#Person2#: It doesn't matter. Oh, God, I have only four dollars in my wallet. Is that possible for me to buy one?
#Person1#: Have a try.","Mr. Polly wants to get a break from work and he asks #Person1# to buy a drink for him, but #Person1# refuses.",take a break,#Person1# tells #Person2# he can't afford it and #Person2# buys him a bottle of soft drink. #Person1# is angry at #Person2#'s behavior. #Person1# tells #Person2# he has only four dollars in his wallet. #Person1# asks #Person2# if he can buy one. #Person2# says yes
test_30_3,"#Person1#: What's wrong with you, Mr. Polly?
#Person2#: What's wrong? I want a break from this horrible job.
#Person1#: Then, buy a bottle of soft drink.
#Person2#: Would you like to buy a bottle for me in the shop?
#Person1#: It's a problem, because my boss is in that shop now.
#Person2#: Ok, I will go there myself.
#Person1#: Sorry, Mr. Polly.
#Person2#: It doesn't matter. Oh, God, I have only four dollars in my wallet. Is that possible for me to buy one?
#Person1#: Have a try.","Mr. Polly asks #Person1#'s help to buy a drink, but #Person1# refuses.",buy a drink,#Person1# tells #Person2# he can't afford it and #Person2# buys him a bottle of soft drink. #Person1# is angry at #Person2#'s behavior. #Person1# tells #Person2# he has only four dollars in his wallet. #Person1# asks #Person2# if he can buy one. #Person2# says yes
test_31_1,"#Person1#: Hello, this is Francis.
#Person2#: Hi, this is Monica. I was wondering when we can work on this financial report.
#Person1#: Today, I am busy all day long.
#Person2#: Shall I see you on Friday morning?
#Person1#: That's not good for me at all. It'll have to be another time.
#Person2#: We must find some time to read report.
#Person1#: I know. I am available from 1 PM to 4 PM on Friday afternoon.
#Person2#: That's all right. Then see you on Friday afternoon.
#Person1#: See you.",Francis and Monica are discussing when to work on the financial report.,decide the time,Francis and Monica will discuss working on the financial report tomorrow. They decide to meet on Friday afternoon. Monica agrees. Francis says he knows. He will meet her on Friday afternoon. They agree to meet on Friday afternoon. Francis tells Monica that he knows. He will meet her on Friday afternoon. Monica agrees. Francis says he knows. He will meet her on Friday afternoon. Francis tells Monica that he
test_31_2,"#Person1#: Hello, this is Francis.
#Person2#: Hi, this is Monica. I was wondering when we can work on this financial report.
#Person1#: Today, I am busy all day long.
#Person2#: Shall I see you on Friday morning?
#Person1#: That's not good for me at all. It'll have to be another time.
#Person2#: We must find some time to read report.
#Person1#: I know. I am available from 1 PM to 4 PM on Friday afternoon.
#Person2#: That's all right. Then see you on Friday afternoon.
#Person1#: See you.",Francis and Monica manage to find time to work on a report together.,peer work,Francis and Monica will discuss working on the financial report tomorrow. They decide to meet on Friday afternoon. Monica agrees. Francis says he knows. He will meet her on Friday afternoon. They agree to meet on Friday afternoon. Francis tells Monica that he knows. He will meet her on Friday afternoon. Monica agrees. Francis says he knows. He will meet her on Friday afternoon. Francis tells Monica that he
test_31_3,"#Person1#: Hello, this is Francis.
#Person2#: Hi, this is Monica. I was wondering when we can work on this financial report.
#Person1#: Today, I am busy all day long.
#Person2#: Shall I see you on Friday morning?
#Person1#: That's not good for me at all. It'll have to be another time.
#Person2#: We must find some time to read report.
#Person1#: I know. I am available from 1 PM to 4 PM on Friday afternoon.
#Person2#: That's all right. Then see you on Friday afternoon.
#Person1#: See you.",Francis and Monica negotiate on the time to work on the report.,schedule making,Francis and Monica will discuss working on the financial report tomorrow. They decide to meet on Friday afternoon. Monica agrees. Francis says he knows. He will meet her on Friday afternoon. They agree to meet on Friday afternoon. Francis tells Monica that he knows. He will meet her on Friday afternoon. Monica agrees. Francis says he knows. He will meet her on Friday afternoon. Francis tells Monica that he
test_32_1,"#Person1#: Is this the workshop to prepare for an interview?
#Person2#: This is the interview class. Welcome to our class.
#Person1#: I am really excited to be taking this workshop so that I can get ready for my interview next week.
#Person2#: We are all learning things that will help us in our interview. What do you think are some important considerations going into your interview?
#Person1#: I think that we should dress neatly and appropriately.
#Person2#: Yes. Second, as you can imagine, attitude and friendliness go a long way.
#Person1#: Yes, and I always feel much better when I am friendly.
#Person2#: Believe it or not, the interviewers are as interested in your questions as they are in your answers.
#Person1#: Any more hints as to what I should do in an interview?
#Person2#: Always be honest with your answers. The interviewers really do want to know if you will be a good fit for them.",#Person1# joins #Person2#'s interview workshop. They discuss the tips to improve their interview performance.,interview workshop,#Person1# is excited about attending the interview class because she thinks dressing nicely and being friendly will help her get ready for the interview. #Person2# tells #Person1# that the interviewers are interested in their answers and that honesty is important. #Person1# asks #Person2# more hints on how to answer the interview. #Person2# suggests that #Person1#
test_32_2,"#Person1#: Is this the workshop to prepare for an interview?
#Person2#: This is the interview class. Welcome to our class.
#Person1#: I am really excited to be taking this workshop so that I can get ready for my interview next week.
#Person2#: We are all learning things that will help us in our interview. What do you think are some important considerations going into your interview?
#Person1#: I think that we should dress neatly and appropriately.
#Person2#: Yes. Second, as you can imagine, attitude and friendliness go a long way.
#Person1#: Yes, and I always feel much better when I am friendly.
#Person2#: Believe it or not, the interviewers are as interested in your questions as they are in your answers.
#Person1#: Any more hints as to what I should do in an interview?
#Person2#: Always be honest with your answers. The interviewers really do want to know if you will be a good fit for them.",#Person1# takes an interview workshop. #Person2# offer #Person1# some useful tips on getting ready for an interview.,interview preparation,#Person1# is excited about attending the interview class because she thinks dressing nicely and being friendly will help her get ready for the interview. #Person2# tells #Person1# that the interviewers are interested in their answers and that honesty is important. #Person1# asks #Person2# more hints on how to answer the interview. #Person2# suggests that #Person1#
test_32_3,"#Person1#: Is this the workshop to prepare for an interview?
#Person2#: This is the interview class. Welcome to our class.
#Person1#: I am really excited to be taking this workshop so that I can get ready for my interview next week.
#Person2#: We are all learning things that will help us in our interview. What do you think are some important considerations going into your interview?
#Person1#: I think that we should dress neatly and appropriately.
#Person2#: Yes. Second, as you can imagine, attitude and friendliness go a long way.
#Person1#: Yes, and I always feel much better when I am friendly.
#Person2#: Believe it or not, the interviewers are as interested in your questions as they are in your answers.
#Person1#: Any more hints as to what I should do in an interview?
#Person2#: Always be honest with your answers. The interviewers really do want to know if you will be a good fit for them.","In the workshop, #Person2# offer #Person1# some suggestions on how to perform well in interviews.",interview workshop,#Person1# is excited about attending the interview class because she thinks dressing nicely and being friendly will help her get ready for the interview. #Person2# tells #Person1# that the interviewers are interested in their answers and that honesty is important. #Person1# asks #Person2# more hints on how to answer the interview. #Person2# suggests that #Person1#
test_33_1,"#Person1#: OK, that's a cut! Let's start from the beginning, everyone.
#Person2#: What was the problem that time?
#Person1#: The feeling was all wrong, Mike. She is telling you that she doesn't want to see you any more, but I want to get more anger from you. You're acting hurt and sad, but that's not how your character would act in this situation.
#Person2#: But Jason and Laura have been together for three years. Don't you think his reaction would be one of both anger and sadness?
#Person1#: At this point, no. I think he would react the way most guys would, and then later on, we would see his real feelings.
#Person2#: I'm not so sure about that.
#Person1#: Let's try it my way, and you can see how you feel when you're saying your lines. After that, if it still doesn't feel right, we can try something else.",#Person1# and Mike are discussing what kind of emotion should be expressed by Mike in this play. They have different understandings.,actor's feelings,#Person1# tells #Person2# that #Person2#'s feeling is wrong and #Person2# thinks #Person1# should change #Person2#'s behavior. #Person1# suggests #Person2# tries #Person1#'s way first before trying anything else. #Person2# agrees with #Person1#. #Person1# says #Person2#'s feeling
